appid,name,source
7,Steam Client,appinfo.vdf
8,winui2,appinfo.vdf
10,Counter-Strike,appinfo.vdf
20,Team Fortress Classic,appinfo.vdf
30,Day of Defeat,appinfo.vdf
40,Deathmatch Classic,appinfo.vdf
50,Half-Life: Opposing Force,appinfo.vdf
60,Ricochet,appinfo.vdf
70,Half-Life,appinfo.vdf
80,Counter-Strike: Condition Zero,appinfo.vdf
90,Half-Life Dedicated Server,appinfo.vdf
100,Counter-Strike: Condition Zero Deleted Scenes,appinfo.vdf
130,Half-Life: Blue Shift,appinfo.vdf
205,Source Dedicated Server,appinfo.vdf
211,Source SDK,appinfo.vdf
215,Source SDK Base 2006,appinfo.vdf
218,Source SDK Base 2007,appinfo.vdf
219,Half-Life 2: Demo,appinfo.vdf
220,Half-Life 2,appinfo.vdf
240,Counter-Strike: Source,appinfo.vdf
280,Half-Life: Source,appinfo.vdf
300,Day of Defeat: Source,appinfo.vdf
310,Source 2007 Dedicated Server,appinfo.vdf
320,Half-Life 2: Deathmatch,appinfo.vdf
340,Half-Life 2: Lost Coast,appinfo.vdf
360,Half-Life Deathmatch: Source,appinfo.vdf
364,HL1:MP Linux client,appinfo.vdf
380,Half-Life 2: Episode One,appinfo.vdf
400,Portal,appinfo.vdf
410,Portal: First Slice,appinfo.vdf
420,Half-Life 2: Episode Two,appinfo.vdf
440,Team Fortress 2,appinfo.vdf
480,Spacewar,appinfo.vdf
500,Left 4 Dead,appinfo.vdf
513,Left 4 Dead Authoring Tools,appinfo.vdf
550,Left 4 Dead 2,appinfo.vdf
563,Left 4 Dead 2 Authoring Tools,appinfo.vdf
564,Left 4 Dead 2 Add-on Support,appinfo.vdf
570,Dota 2,appinfo.vdf
575,Dota 2 - English Depot,appinfo.vdf
620,Portal 2,appinfo.vdf
629,Portal 2 Authoring Tools,appinfo.vdf
630,Alien Swarm,appinfo.vdf
635,Alien Swarm Dedicated Server,appinfo.vdf
640,Alien Swarm - SDK,appinfo.vdf
644,Portal 2 Publishing Tool,appinfo.vdf
730,Counter-Strike 2,appinfo.vdf
740,Counter-Strike Global Offensive - Dedicated Server,appinfo.vdf
753,Steam,appinfo.vdf
760,Steam Screenshots,appinfo.vdf
761,Steam Cloud - Videos,appinfo.vdf
764,Steam Cloud - User Logs,appinfo.vdf
765,Greenlight,appinfo.vdf
766,Steam Workshop,appinfo.vdf
767,Steam Artwork,appinfo.vdf
1007,Steamworks SDK Redist,appinfo.vdf
1200,Red Orchestra: Ostfront 41-45,appinfo.vdf
1213,Red Orchestra: Ostfront 41-45,appinfo.vdf
1250,Killing Floor,appinfo.vdf
1273,Killing Floor Beta Dedicated Server,appinfo.vdf
1840,Source Filmmaker,appinfo.vdf
2145,Dark Messiah of Might & Magic Dedicated Server,appinfo.vdf
2403,The Ship Dedicated Server,appinfo.vdf
3590,Plants vs. Zombies: Game of the Year,appinfo.vdf
4000,Garry's Mod,appinfo.vdf
4270,RACE 07 Demo Dedicated Server,appinfo.vdf
4940,Natural Selection 2 Dedicated Server,appinfo.vdf
7670,BioShock,appinfo.vdf
8680,RACE 07 Demo - Crowne Plaza Edition Dedicated Server,appinfo.vdf
8710,STCC - The Game Demo Dedicated Server,appinfo.vdf
8730,GTR Evolution Demo Dedicated Server,appinfo.vdf
8770,RACE On - Demo: Dedicated Server,appinfo.vdf
8850,BioShock 2,appinfo.vdf
8859,Bioshock 2 Pre-order,appinfo.vdf
8870,BioShock Infinite,appinfo.vdf
13180,America's Army 3 Dedicated Server,appinfo.vdf
17505,Zombie Panic! Source Dedicated Server,appinfo.vdf
17515,Age of Chivalry Dedicated Server,appinfo.vdf
17525,Synergy Dedicated Server,appinfo.vdf
17535,D.I.P.R.I.P. Dedicated Server,appinfo.vdf
17555,Eternal Silence Dedicated Server,appinfo.vdf
17575,Pirates Vikings & Knights II Dedicated Server,appinfo.vdf
17585,Dystopia Dedicated Server,appinfo.vdf
18000,"On the Rain-Slick Precipice of Darkness, Episode One",appinfo.vdf
18010,"Penny Arcade Adventures: On the Rain-Slick Precipice of Darkness, Episode One Demo",appinfo.vdf
18020,"On the Rain-Slick Precipice of Darkness, Episode Two",appinfo.vdf
18030,"Penny Arcade Adventures: On the Rain-Slick Precipice of Darkness, Episode Two Demo",appinfo.vdf
20900,The Witcher: Enhanced Edition,appinfo.vdf
20902,The Witcher: Director's Cut DLC,appinfo.vdf
20920,The Witcher 2: Assassins of Kings Enhanced Edition,appinfo.vdf
20930,The Witcher 2: Bonus Content,appinfo.vdf
22000,World of Goo,appinfo.vdf
22150,Europa Universalis III Demo,appinfo.vdf
22230,Rock of Ages,appinfo.vdf
22803,Assassin's Creed 2 - Prima Official Strategy Guide,appinfo.vdf
25800,Europa Universalis III,appinfo.vdf
34120,Aliens vs Predator Dedicated Server,appinfo.vdf
35140,Batman: Arkham Asylum GOTY Edition,appinfo.vdf
41005,Serious Sam HD Dedicated Server,appinfo.vdf
41015,Serious Sam HD: The Second Encounter Dedicated Server,appinfo.vdf
41040,Serious Sam HD: The Second Encounter Editor,appinfo.vdf
41080,Serious Sam 3 Dedicated Server,appinfo.vdf
42300,Sixense SDK for the Razer Hydra,appinfo.vdf
42320,Sixense MIDI Controller,appinfo.vdf
42750,Call of Duty: Modern Warfare 3 - Dedicated Server,appinfo.vdf
43160,Metro: Last Light Complete Edition,appinfo.vdf
43210,The Haunted: Hells Reach Dedicated Server,appinfo.vdf
48000,LIMBO,appinfo.vdf
55150,"Warhammer 40,000: Space Marine - Anniversary Edition",appinfo.vdf
55280,Homefront Dedicated Server,appinfo.vdf
55346,ValveTestApp55150 DLC1 - PL,appinfo.vdf
56400,"Warhammer 40,000: Dawn of War II - Retribution",appinfo.vdf
57900,Duke Nukem Forever,appinfo.vdf
61800,"AMD Driver Updater, Vista and 7, 32 bit",appinfo.vdf
61810,"AMD Driver Updater, Vista and 7, 64 bit",appinfo.vdf
63220,Monday Night Combat Dedicated Server,appinfo.vdf
65120,App Id 65120,appinfo.vdf
70010,Dino D-Day - Dedicated Server,appinfo.vdf
72310,Breach - Dedicated Server,appinfo.vdf
72780,Brink Dedicated Server,appinfo.vdf
91720,E.Y.E - Dedicated Server,appinfo.vdf
92800,SpaceChem,appinfo.vdf
92803,SpaceChem: 63 Corvi Mission,appinfo.vdf
96810,Nexuiz Dedicated Server,appinfo.vdf
102030,ValveTestApp102030,appinfo.vdf
105600,Terraria,appinfo.vdf
111710,Nuclear Dawn - Dedicated Server,appinfo.vdf
200260,Batman: Arkham City GOTY,appinfo.vdf
200269,Batman: Arkham City OSX PL,appinfo.vdf
201870,Assassin's Creed Revelations,appinfo.vdf
201877,The Ancestors Character Pack,appinfo.vdf
201878,Assassin's Creed Revelations - Standard Key,appinfo.vdf
201880,Assassin's Creed Revelations - The Ancestors Character Pack,appinfo.vdf
201882,Assassin's Creed Revelations - The Lost Archive,appinfo.vdf
202351,Beta Access to the New Steam Community,appinfo.vdf
202352,Steam Trading Card Beta Access,appinfo.vdf
202355,Remote Play Client,appinfo.vdf
203160,Tomb Raider,appinfo.vdf
203300,America's Army: Proving Grounds Dedicated Server,appinfo.vdf
203600,"Warhammer 40,000: Dawn of War II - Retribution - Imperial Fists Chapter Pack",appinfo.vdf
206010,VTrace,appinfo.vdf
207690,Botanicula,appinfo.vdf
208050,Sniper Elite V2 Dedicated Server,appinfo.vdf
208650,Batman™: Arkham Knight,appinfo.vdf
208790,Tomb Raider: Scavenger Scout,appinfo.vdf
208791,Tomb Raider: Scavenger Executioner,appinfo.vdf
208792,Tomb Raider: Scavenger Bandit,appinfo.vdf
208793,Tomb Raider: Fisherman,appinfo.vdf
208795,Tomb Raider: Hitman Gun - Silverballer,appinfo.vdf
208796,Tomb Raider: Hitman Gun - Agency SPS 12,appinfo.vdf
208797,Tomb Raider: Hitman Gun - HX AP-15,appinfo.vdf
208801,Tomb Raider: Animal Instinct,appinfo.vdf
208802,Tomb Raider: Agility,appinfo.vdf
208803,Tomb Raider: Headshot Reticle,appinfo.vdf
208804,Tomb Raider: Pistol Burst,appinfo.vdf
208805,Tomb Raider: Pistol Silencer,appinfo.vdf
208806,Tomb Raider: Hunter Skin,appinfo.vdf
208807,Tomb Raider: Aviatrix Skin,appinfo.vdf
208808,Tomb Raider: Guerilla Skin,appinfo.vdf
208809,Tomb Raider: Mountaineer Skin,appinfo.vdf
208810,Tomb Raider: MP Map - Shanty Town,appinfo.vdf
208811,Tomb Raider: Caves and Cliffs Multiplayer Map Pack,appinfo.vdf
208812,Tomb Raider: Tomb of the Lost Adventurer,appinfo.vdf
208813,Tomb Raider: Shipwrecked Multiplayer Map Pack,appinfo.vdf
208814,Tomb Raider: 1939 Multiplayer Map Pack,appinfo.vdf
208816,Survival Edition Bonus Content,appinfo.vdf
208817,Tomb Raider: Demolition,appinfo.vdf
208818,Tomb Raider: Sure-Shot,appinfo.vdf
212542,Red Orchestra 2 - Dedicated Server,appinfo.vdf
214930,BioShock Infinite: Clash in the Clouds,appinfo.vdf
214931,BioShock Infinite: Burial at Sea - Episode 1,appinfo.vdf
214932,BioShock Infinite: Burial at Sea - Episode 2,appinfo.vdf
214933,BioShock Infinite - Season Pass,appinfo.vdf
214934,BioShock Infinite - Upgrade Pack,appinfo.vdf
214935,BioShock Infinite - Comstock's China Broom Shotgun,appinfo.vdf
214936,BioShock Infinite - Comstock's Bird's Eye Sniper Rifle,appinfo.vdf
214937,BioShock Infinite - Industrial Revolution Rewards Pack,appinfo.vdf
215350,Killing Floor Dedicated Server - Win32,appinfo.vdf
215360,Killing Floor Dedicated Server - Linux,appinfo.vdf
216280,Serious Sam 3 - Linux DedServer,appinfo.vdf
216840,Dungeon Defenders Development Kit,appinfo.vdf
218620,PAYDAY 2,appinfo.vdf
218800,Steam Software Beta Access,appinfo.vdf
219740,Don't Starve,appinfo.vdf
220070,Chivalry: Medieval Warfare Dedicated Server,appinfo.vdf
220140,Bioshock Infinite - Industrial Revolution,appinfo.vdf
220200,Kerbal Space Program,appinfo.vdf
221410,Steam for Linux,appinfo.vdf
222801,Metro: Last Light - Ranger Mode,appinfo.vdf
222802,Metro: Last Light - RPK,appinfo.vdf
222804,Metro: Last Light - Factions DLC,appinfo.vdf
222805,Metro: Last Light - Tower Pack,appinfo.vdf
222806,Metro: Last Light - Developer DLC,appinfo.vdf
222807,Metro: Last Light - Chronicles Pack DLC,appinfo.vdf
222840,Left 4 Dead Dedicated Server,appinfo.vdf
222860,Left 4 Dead 2 Dedicated Server,appinfo.vdf
223160,Ravaged Dedicated Server,appinfo.vdf
223240,Red Orchestra Windows Dedicated Server,appinfo.vdf
223250,Red Orchestra Linux Dedicated Server,appinfo.vdf
223300,Steam Hardware,appinfo.vdf
223350,DayZ Server,appinfo.vdf
223390,Forge,appinfo.vdf
223540,Left 4 Dead 2 Beta Authoring Tools,appinfo.vdf
223850,3DMark,appinfo.vdf
223852,3DMark Advanced,appinfo.vdf
223910,Saxxy Awards 2012,appinfo.vdf
224620,Primal Carnage Dedicated Server,appinfo.vdf
227040,Left 4 Dead 2 Beta - Win32 Dedicated Server,appinfo.vdf
227050,Left 4 Dead 2 Beta - Linux Dedicated Server,appinfo.vdf
227140,Ubisoft Test App,appinfo.vdf
228980,Steamworks Common Redistributables,appinfo.vdf
229950,Resident Evil 6 Benchmark Tool,appinfo.vdf
230030,Painkiller Hell & Damnation Dedicated Server,appinfo.vdf
230410,Warframe,appinfo.vdf
231390,Biohazard 6 Benchmark Tool,appinfo.vdf
231430,Company of Heroes 2,appinfo.vdf
231451,Company of Heroes 2 - Standard Game,appinfo.vdf
233450,Prison Architect,appinfo.vdf
233780,Arma 3 Server,appinfo.vdf
234430,Prison Architect Standard Edition Key,appinfo.vdf
235900,RPG Maker XP,appinfo.vdf
236390,War Thunder,appinfo.vdf
236600,NVIDIA.SteamLauncher,appinfo.vdf
236650,Forge - Ravager and Tinker Classes DLC,appinfo.vdf
237410,Insurgency Dedicated Server,appinfo.vdf
237450,Tomb Raider: Japanese Language Pack,appinfo.vdf
238340,Metro: Last Light Season Pass,appinfo.vdf
238460,BattleBlock Theater,appinfo.vdf
238670,Day Of Defeat Content Pack,appinfo.vdf
238690,Rising Storm Beta Dedicated Server,appinfo.vdf
239030,"Papers, Please",appinfo.vdf
239140,Dying Light,appinfo.vdf
241100,Steam Input Configs,appinfo.vdf
241930,Middle-earth™: Shadow of Mordor™,appinfo.vdf
242050,Assassin's Creed IV Black Flag,appinfo.vdf
242760,The Forest,appinfo.vdf
243411,BioShock Infinite - OSX CE Upgrade Pack,appinfo.vdf
243412,BioShock Infinite - OSX Industrial Revolution,appinfo.vdf
243413,BioShock Infinite - OSX China Broom,appinfo.vdf
243414,BioShock Infinite - OSX Birds Eye,appinfo.vdf
243415,BioShock Infinite - OSX Season Pass,appinfo.vdf
243470,Watch_Dogs,appinfo.vdf
243730,Source SDK Base 2013 Singleplayer,appinfo.vdf
243750,Source SDK Base 2013 Multiplayer,appinfo.vdf
244310,Source SDK Base 2013 Dedicated Server,appinfo.vdf
244610,Minerva's Den,appinfo.vdf
245850,Don't Starve Mod Tools,appinfo.vdf
246620,Plague Inc: Evolved,appinfo.vdf
248210,Game Library Sharing Access,appinfo.vdf
250820,SteamVR,appinfo.vdf
250900,The Binding of Isaac: Rebirth,appinfo.vdf
251570,7 Days to Die,appinfo.vdf
254260,PAYDAY 2: The Official Soundtrack,appinfo.vdf
254430,Half-Life SDK,appinfo.vdf
255470,Half-Life Deathmatch: Source Dedicated Server,appinfo.vdf
258280,Steam Music,appinfo.vdf
258680,Chivalry: Deadliest Warrior dedicated server,appinfo.vdf
259810,Home Sheep Home: Farmageddon Party Edition,appinfo.vdf
260230,Valiant Hearts: The Great War™ / Soldats Inconnus : Mémoires de la Grande Guerre™,appinfo.vdf
260470,Assassin's Creed Black Flag - Resources Pack,appinfo.vdf
260471,Assassin's Creed Black Flag - Collectibles Pack,appinfo.vdf
260472,Assassin's Creed Black Flag - Activities Pack,appinfo.vdf
260473,Assassin's Creed Black Flag - Death Vessel Pack (SP),appinfo.vdf
260474,Assassin's Creed Black Flag - Crusader & Florentine Pack (SP),appinfo.vdf
260476,Assassin's Creed Black Flag - Freedom Cry (SP),appinfo.vdf
260477,Assassin's Creed Black Flag - Illustrious Pirates Pack (SP),appinfo.vdf
260478,Assassin's Creed Black Flag - Guild of Rogues (SP),appinfo.vdf
260950,Assassin's Creed Black Flag - Season Pass,appinfo.vdf
261020,Takedown: Red Sabre Dedicated Server,appinfo.vdf
261140,Just Cause 2: Multiplayer - Dedicated Server,appinfo.vdf
261310,3rd Annual Saxxy Awards,appinfo.vdf
261570,Ori and the Blind Forest,appinfo.vdf
264020,Geekbench 3,appinfo.vdf
264380,Narcissu 1st & 2nd,appinfo.vdf
264710,Subnautica,appinfo.vdf
264750,Assassin's Creed Black Flag - Technology Pack,appinfo.vdf
265360,Kingdoms Rise Dedicated Server,appinfo.vdf
266910,Sniper Elite 3 Dedicated Server,appinfo.vdf
267381,PAYDAY 2: A Merry Payday Christmas Soundtrack,appinfo.vdf
268910,Cuphead,appinfo.vdf
270150,RUNNING WITH RIFLES,appinfo.vdf
274190,Broforce,appinfo.vdf
275850,No Man's Sky,appinfo.vdf
280680,Krita,appinfo.vdf
280790,Creativerse,appinfo.vdf
282470,Don't Starve Reign of Giants,appinfo.vdf
282760,Circuits,appinfo.vdf
289070,Sid Meier's Civilization VI,appinfo.vdf
289650,Assassin's Creed Unity,appinfo.vdf
292030,The Witcher 3: Wild Hunt,appinfo.vdf
294420,7 Days to Die Dedicated Server,appinfo.vdf
298781,Watch_Dogs - Uplay Activation,appinfo.vdf
300570,Infinifactory,appinfo.vdf
302100,Dying Light - Be the Zombie,appinfo.vdf
302101,Dying Light - Cuisine & Cargo,appinfo.vdf
302102,Dying Light - Punk Queen Weapon Pack,appinfo.vdf
302103,Dying Light - Buzz Killer Weapon Pack,appinfo.vdf
302530,Assetto Corsa SDK,appinfo.vdf
302550,Assetto Corsa Dedicated Server,appinfo.vdf
304050,Trove,appinfo.vdf
304430,INSIDE,appinfo.vdf
304930,Unturned,appinfo.vdf
306460,Unturned - Permanent Gold Upgrade,appinfo.vdf
310360,Higurashi When They Cry Hou - Ch.1 Onikakushi,appinfo.vdf
311670,Middle-earth: Shadow of Mordor - HD Content,appinfo.vdf
312070,Dark Horizons: Mechanized Corps Dedicated Server,appinfo.vdf
312520,Rain World,appinfo.vdf
313100,Harley Quinn Story Pack,appinfo.vdf
313101,Red Hood Story Pack,appinfo.vdf
313102,A Matter of Family,appinfo.vdf
313220,Company of Heroes 2 Tools,appinfo.vdf
313250,Dota 2 Workshop Tools DLC,appinfo.vdf
313370,Middle-earth: Shadow of Mordor - Captain of the Watch Character Skin,appinfo.vdf
313371,Middle-earth: Shadow of Mordor - The Dark Ranger Character Skin,appinfo.vdf
313372,Middle-earth: Shadow of Mordor - Test of Power,appinfo.vdf
313373,Middle-earth: Shadow of Mordor - Hidden Blade Rune,appinfo.vdf
313374,Middle-earth: Shadow of Mordor - Deadly Archer Rune,appinfo.vdf
313375,Middle-earth: Shadow of Mordor - Flame of Anor Rune,appinfo.vdf
313380,Middle-earth: Shadow of Mordor - Orc Slayer Rune,appinfo.vdf
313381,Middle-earth: Shadow of Mordor - Rising Storm Rune,appinfo.vdf
315420,Portal Content Pack,appinfo.vdf
315810,eden*,appinfo.vdf
315960,Plague Inc: Evolved - Soundtrack,appinfo.vdf
316000,Blade Symphony Content Pack,appinfo.vdf
317850,Company of Heroes 2 - Ardennes Assault,appinfo.vdf
318390,Middle-earth: Shadow of Mordor - Lord of the Hunt,appinfo.vdf
318400,Middle-earth: Shadow of Mordor - Test of Speed,appinfo.vdf
318401,Middle-earth: Shadow of Mordor - Test of Wisdom,appinfo.vdf
318402,Middle-earth: Shadow of Mordor - Endless Challenge,appinfo.vdf
318410,Middle-earth: Shadow of Mordor - Berserks Warband,appinfo.vdf
318411,Middle-earth: Shadow of Mordor - Blood Hunters Warband,appinfo.vdf
318412,Middle-earth: Shadow of Mordor - Skull Crushers Warband,appinfo.vdf
318413,Middle-earth: Shadow of Mordor - Guardians of the Flaming Eye,appinfo.vdf
318414,Middle-earth: Shadow of Mordor - Flesh Burners Warband,appinfo.vdf
318420,Middle-earth: Shadow of Mordor - Bright Lord,appinfo.vdf
318550,Middle-earth: Shadow of Mordor - GOTY Edition Upgrade,appinfo.vdf
319070,Black Mesa Content Pack,appinfo.vdf
319360,Middle-earth: Shadow of Mordor - Bundle F,appinfo.vdf
319361,Middle-earth: Shadow of Mordor - Bundle G,appinfo.vdf
319630,Life is Strange™,appinfo.vdf
320420,Left 4 Dead Content Pack,appinfo.vdf
321770,4th Annual Saxxy Awards,appinfo.vdf
322050,Dino D-Day Content Pack,appinfo.vdf
322060,Middle-earth: Shadow of Mordor - Power of Shadow,appinfo.vdf
322170,Geometry Dash,appinfo.vdf
322330,Don't Starve Together,appinfo.vdf
323010,The Stanley Parable Content Pack,appinfo.vdf
323190,Frostpunk,appinfo.vdf
324160,CLANNAD,appinfo.vdf
324333,Assassin’s Creed Unity - Dead Kings,appinfo.vdf
325710,Dying Light - Night Club Weapon Pack,appinfo.vdf
325711,Dying Light - The Lacerator Weapon Pack,appinfo.vdf
325712,Dying Light - The Constable Weapon Pack,appinfo.vdf
325713,Dying Light - Wrench Kiss Weapon Pack,appinfo.vdf
325714,Dying Light - Ninja Outfit,appinfo.vdf
325715,Dying Light - Urban Explorer Outfit,appinfo.vdf
325716,Dying Light - Special Agent Outfit,appinfo.vdf
325723,Dying Light - The Bozak Horde,appinfo.vdf
325724,Dying Light - The Following,appinfo.vdf
330960,Assassin’s Creed Unity - WW Uplay Activation,appinfo.vdf
332850,BlazeRush Dedicated Server,appinfo.vdf
333600,NEKOPARA Vol. 1,appinfo.vdf
335810,Dying Light Season Pass,appinfo.vdf
337320,Paint the Town Red,appinfo.vdf
343050,Don't Starve Together Dedicated Server,appinfo.vdf
346010,Besiege,appinfo.vdf
346110,ARK: Survival Evolved,appinfo.vdf
347090,Dying Light Ultimate Survivor Bundle,appinfo.vdf
347620,Gaokao.Love.100Days,appinfo.vdf
348620,Voices from the Sea,appinfo.vdf
349040,NARUTO SHIPPUDEN: Ultimate Ninja STORM 4,appinfo.vdf
350170,Batman™: Arkham Knight - WayneTech Booster Pack,appinfo.vdf
350171,Prototype Batmobile Skin,appinfo.vdf
350172,Batman Classic TV Series Batmobile Pack,appinfo.vdf
350570,Dying Light Developer Tools,appinfo.vdf
351640,Eternal Senia,appinfo.vdf
352780,An Octave Higher,appinfo.vdf
355880,The Witcher 3: Wild Hunt - Expansion Pass,appinfo.vdf
356190,Middle-earth™: Shadow of War™,appinfo.vdf
356470,Batman 1st Appearance Skin,appinfo.vdf
356471,Batman Flashpoint Skin,appinfo.vdf
356472,Batman Inc. Skin,appinfo.vdf
356473,Batman: Noel Skin,appinfo.vdf
356474,Batman™: Arkham Knight - New 52 Skins Pack,appinfo.vdf
356620,Gotham's Future Skin Pack,appinfo.vdf
359550,Tom Clancy's Rainbow Six Siege,appinfo.vdf
365450,Hacknet,appinfo.vdf
365670,Blender,appinfo.vdf
366490,VRMonitor,appinfo.vdf
367480,Batman™: Arkham Knight - Season Pass,appinfo.vdf
368640,htoL#NiQ: The Firefly Diary,appinfo.vdf
368870,PAYDAY 2: The B-Sides Soundtrack,appinfo.vdf
370000,The Witcher 3: Wild Hunt - Temerian Armor Set,appinfo.vdf
370001,The Witcher 3: Wild Hunt - Beard and Hairstyle Set,appinfo.vdf
370002,The Witcher 3: Wild Hunt - Alternative Look for Yennefer,appinfo.vdf
370003,The Witcher 3: Wild Hunt - New Quest 'Contract: Missing Miners',appinfo.vdf
370360,TIS-100,appinfo.vdf
373300,Dota 2 - Reborn Beta,appinfo.vdf
373770,LiEat,appinfo.vdf
373950,The Witcher 3: Wild Hunt - Nilfgaardian Armor Set,appinfo.vdf
373951,The Witcher 3: Wild Hunt - Elite Crossbow Set,appinfo.vdf
374320,DARK SOULS™ III,appinfo.vdf
374980,Zombie Grinder Dedicated Server,appinfo.vdf
376030,ARK: Survival Evolved Dedicated Server,appinfo.vdf
376390,The Witcher 3: Wild Hunt - New Quest 'Fool's Gold',appinfo.vdf
376391,The Witcher 3: Wild Hunt - 'Ballad Heroes' Neutral Gwent Card Set,appinfo.vdf
378640,The Witcher 3: Wild Hunt - New Quest: 'Scavenger Hunt: Wolf School Gear',appinfo.vdf
378641,The Witcher 3: Wild Hunt - Alternative Look for Triss,appinfo.vdf
378642,The Witcher 3: Wild Hunt - New Quest 'Contract: Skellige's Most Wanted',appinfo.vdf
378643,The Witcher 3: Wild Hunt - Skellige Armor Set,appinfo.vdf
378644,The Witcher 3: Wild Hunt - Alternative Look for Ciri,appinfo.vdf
378645,The Witcher 3: Wild Hunt - New Quest 'Where the Cat and Wolf Play...',appinfo.vdf
378646,The Witcher 3: Wild Hunt - New Finisher Animations,appinfo.vdf
378647,The Witcher 3: Wild Hunt - NEW GAME +,appinfo.vdf
378648,The Witcher 3: Wild Hunt - Blood and Wine,appinfo.vdf
378649,The Witcher 3: Wild Hunt - Hearts of Stone ,appinfo.vdf
379430,Kingdom Come: Deliverance,appinfo.vdf
379800,Company of Heroes 2 Tools Data,appinfo.vdf
381690,Reign Of Kings Dedicated Server,appinfo.vdf
382030,Yargis - Space Melee - Dedicated Server,appinfo.vdf
382490,Relic Hunters Zero: Remix,appinfo.vdf
385800,NEKOPARA Vol. 0,appinfo.vdf
386940,Ultimate Chicken Horse,appinfo.vdf
387290,Ori and the Blind Forest: Definitive Edition,appinfo.vdf
391220,Rise of the Tomb Raider,appinfo.vdf
393010,Don't Starve: Shipwrecked,appinfo.vdf
393380,Squad,appinfo.vdf
393480,3DMark Sky Diver benchmark,appinfo.vdf
394360,Hearts of Iron IV,appinfo.vdf
396050,Warframe TennoGen,appinfo.vdf
396650,ACE Academy,appinfo.vdf
396960,Gaokao.Love.100Days - Yes Monitress,appinfo.vdf
397270,A Kiss For The Petals - Remembering How We Met,appinfo.vdf
400910,Rabi-Ribi,appinfo.vdf
401530,Dota 2 - OpenGL support for Windows,appinfo.vdf
401620,Bat-Family Skin Pack,appinfo.vdf
401621,1989 Movie Batmobile Pack,appinfo.vdf
401622,Crime Fighter Challenge Pack #1,appinfo.vdf
401623,Crime Fighter Challenge Pack #2,appinfo.vdf
401624,Crime Fighter Challenge Pack #3,appinfo.vdf
401625,Crime Fighter Challenge Pack #4,appinfo.vdf
401626,Crime Fighter Challenge Pack #5,appinfo.vdf
401627,Batman™: Arkham Knight - Original Arkham Batman Skin,appinfo.vdf
401628,GCPD Lockdown,appinfo.vdf
401629,2008 Tumbler Batmobile Pack,appinfo.vdf
401630,Catwoman's Revenge,appinfo.vdf
401631,Robin and Batmobile Skins Pack,appinfo.vdf
401632,WayneTech Track Pack,appinfo.vdf
401633,A Flip of a Coin,appinfo.vdf
401634,2016 Batman v Superman Batmobile Pack,appinfo.vdf
401635,Season of Infamy: Most Wanted Expansion,appinfo.vdf
401920,The Binding of Isaac: Afterbirth,appinfo.vdf
402290,3DMark Fire Strike benchmark,appinfo.vdf
402620,Kindred Spirits on the Roof,appinfo.vdf
403240,Squad Dedicated Server,appinfo.vdf
404350,Sid Meier's Civilization VI Development Tools,appinfo.vdf
404790,Godot Engine,appinfo.vdf
405030,1970s Batman Themed Batmobile Skin,appinfo.vdf
405031,Riddler Themed Batmobile Skin,appinfo.vdf
405032,Original Arkham Batmobile,appinfo.vdf
405033,Rocksteady Themed Batmobile Skin,appinfo.vdf
405270,5th Annual Saxxy Awards,appinfo.vdf
406950,3DMark Ice Storm benchmark,appinfo.vdf
406960,3DMark Cloud Gate benchmark,appinfo.vdf
407080,3DMark API Overhead feature test,appinfo.vdf
407310,NEKO-NIN exHeart,appinfo.vdf
407350,The Hive - Video Player,appinfo.vdf
407530,ARK: Survival Of The Fittest,appinfo.vdf
408710,Hacknet Official Soundtrack,appinfo.vdf
409710,BioShock Remastered,appinfo.vdf
409720,BioShock 2 Remastered,appinfo.vdf
411180,Dota 2 Player Profiles,appinfo.vdf
411181,Dota 2 Player Profiles: EG - Suma1L,appinfo.vdf
411182,Dota 2 Player Profiles: Na'Vi - XBOCT,appinfo.vdf
411183,Dota 2 Player Profiles: Invictus Gaming - Ferrari,appinfo.vdf
411184,Dota 2 Player Profiles: MVPHot6 - HEEN,appinfo.vdf
411185,Dota 2 Player Profiles: EHOME - ROTK,appinfo.vdf
411186,Dota 2 Player Profiles: Cloud9 - N0Tail,appinfo.vdf
411187,Dota 2 Player Profiles: Complexity - zfreek,appinfo.vdf
411188,Dota 2 Player Profiles: Empire - Alohadance,appinfo.vdf
411189,Dota 2 Player Profiles: Fnatic - Kecik-Imba,appinfo.vdf
411190,Dota 2 Player Profiles: LGD - Xiao8,appinfo.vdf
411191,Dota 2 Player Profiles: Newbee - Mu,appinfo.vdf
411192,Dota 2 Player Profiles: Team Secret - S4,appinfo.vdf
411193,Dota 2 Player Profiles: Vici - fy,appinfo.vdf
411194,Dota 2 Player Profiles: Virtus.Pro - FNG,appinfo.vdf
412830,STEINS;GATE,appinfo.vdf
412920,Dying Light - Custom Maps,appinfo.vdf
413080,Steam Controller Configs - Desktop,appinfo.vdf
413090,Steam Controller Configs - Big Picture,appinfo.vdf
413100,Steam Controller Configs - Video Player,appinfo.vdf
413150,Stardew Valley,appinfo.vdf
413850,CS:GO Player Profiles,appinfo.vdf
413851,CS:GO Player Profiles: n0thing - Cloud9,appinfo.vdf
413852,CS:GO Player Profiles:  TaZ - Virtus.Pro,appinfo.vdf
413853,CS:GO Player Profiles: GeT_RiGhT - Ninjas in Pyjamas,appinfo.vdf
413854,CS:GO Player Profiles: olofmeister - fnatic,appinfo.vdf
413855,CS:GO Player Profiles: kennyS - Team Envyus,appinfo.vdf
413856,CS:GO Player Profiles: Edward - Na'Vi,appinfo.vdf
413857,CS:GO Player Profiles: markeloff - Flipsid3,appinfo.vdf
413858,CS:GO Player Profiles: device - Team SoloMid,appinfo.vdf
413859,CS:GO Player Profiles: FalleN - Luminosity,appinfo.vdf
414700,Outlast 2,appinfo.vdf
415370,Dying Light - Custom Maps 2,appinfo.vdf
415430,An Octave Higher - Basic Soundtrack,appinfo.vdf
415650,Crime Fighter Challenge Pack #6,appinfo.vdf
418370,Resident Evil 7 Biohazard,appinfo.vdf
418680,Sparrowhawk Pack,appinfo.vdf
418690,Hope's Bastion Pack,appinfo.vdf
418700,Tactical Survivor Pack,appinfo.vdf
418710,Apex Predator Pack,appinfo.vdf
418750,Wilderness Survivor,appinfo.vdf
418760,Siberian Ranger,appinfo.vdf
418770,Ancient Vanguard,appinfo.vdf
418780,Prophet's Legacy,appinfo.vdf
418790,Endurance,appinfo.vdf
418800,Baba Yaga,appinfo.vdf
418810,Cold Darkness,appinfo.vdf
418930,2008 Movie Batman Skin,appinfo.vdf
419110,Remnant Resistance Pack,appinfo.vdf
419910,Dota 2 Player Profiles: CDEC's Journey to The Majors,appinfo.vdf
420090,Dota 2 Player Profiles: EG Champions of TI5,appinfo.vdf
420100,CLANNAD Side Stories,appinfo.vdf
420110,NEKOPARA Vol. 2,appinfo.vdf
421660,Harmonia,appinfo.vdf
424690,Steam Controller Configs - Streaming Client,appinfo.vdf
424840,Little Nightmares,appinfo.vdf
427730,Who's Your Daddy?!,appinfo.vdf
428810,VRMark Preview,appinfo.vdf
429881,Unturned - Early Access,appinfo.vdf
430960,Lucy -The Eternity She Wished For-,appinfo.vdf
431960,Wallpaper Engine,appinfo.vdf
433340,Slime Rancher,appinfo.vdf
434460,Rock of Ages 2,appinfo.vdf
435111,Dying Light- Crash Test Skin Pack,appinfo.vdf
437800,Season Pass Card Packs,appinfo.vdf
438100,VRChat,appinfo.vdf
439800,Clouds & Sheep 2,appinfo.vdf
440520,VirtualHere for Steam Link,appinfo.vdf
442010,DARK SOULS™ III - Season Pass,appinfo.vdf
443030,Conan Exiles Dedicated Server,appinfo.vdf
443510,Guide Button Chord,appinfo.vdf
444560,Agent Origins: Escape,appinfo.vdf
451760,Highway Blossoms,appinfo.vdf
453480,Shadowverse,appinfo.vdf
457140,Oxygen Not Included,appinfo.vdf
458250,CS:GO Player Profiles: karrigan - Astralis,appinfo.vdf
458260,CS:GO Player Profiles: pashaBiceps - Virtus.Pro,appinfo.vdf
458270,CS:GO Player Profiles: Guardian - Na'Vi,appinfo.vdf
458280,CS:GO Player Profiles: Happy - Team EnVyUs,appinfo.vdf
458300,CS:GO Player Profiles: fnx - Luminosity,appinfo.vdf
458310,CS:GO Player Profiles: Friberg - Ninjas in Pyjamas,appinfo.vdf
458320,CS:GO Player Profiles: Maikelele - FaZe,appinfo.vdf
460559,Hearts of Iron IV: Rocket Launcher Unit Pack,appinfo.vdf
460600,Hearts of Iron IV: Poland - United and Ready,appinfo.vdf
460610,Hearts of Iron IV: German Historical Portraits,appinfo.vdf
461560,Mandagon,appinfo.vdf
462990,Tomoyo After ~It's a Wonderful Life~ English Edition,appinfo.vdf
466390,Ori and the Blind Forest (Additional Soundtrack),appinfo.vdf
469990,NEKOPALIVE,appinfo.vdf
472410,Hearts of Iron IV: Wallpaper,appinfo.vdf
475550,Beholder,appinfo.vdf
476580,Dota 2 - Vulkan support,appinfo.vdf
477870,Yomawari: Night Alone,appinfo.vdf
483980,Mad Father,appinfo.vdf
485340,The Orchard of Stray Sheep,appinfo.vdf
487430,KARAKARA,appinfo.vdf
487680,3DMark Time Spy benchmark (Basic Edition OLD),appinfo.vdf
489830,The Elder Scrolls V: Skyrim Special Edition,appinfo.vdf
490270,Highway Blossoms: Next Exit,appinfo.vdf
490390, 神明的一天世界-God's One Day World,appinfo.vdf
490890,Ne no Kami - The Two Princess Knights of Kyoto,appinfo.vdf
495910,Dungeon Fighter Online,appinfo.vdf
496100,3DMark Time Spy benchmark,appinfo.vdf
496101,3DMark Time Spy upgrade,appinfo.vdf
496102,3DMark Night Raid benchmark,appinfo.vdf
496103,3DMark Port Royal upgrade,appinfo.vdf
496104,3DMark PCI Express feature test,appinfo.vdf
496260,Corona Blossom Vol.1 Gift From the Galaxy,appinfo.vdf
497810,CS:GO Player Profiles: Fer - SK Gaming,appinfo.vdf
497811,CS:GO Player Profiles: Dupreeh - Astralis,appinfo.vdf
497812,CS:GO Player Profiles: Tarik - Counter Logic Gaming,appinfo.vdf
497813,CS:GO Player Profiles: Hiko - Team Liquid,appinfo.vdf
502500,ACE COMBAT™7: SKIES UNKNOWN,appinfo.vdf
504210,SHENZHEN I/O,appinfo.vdf
504230,Celeste,appinfo.vdf
505540,Rise of the Tomb Raider 20 Year Celebration Pack,appinfo.vdf
506970,DARK SOULS™ III - Ashes of Ariandel,appinfo.vdf
506971,DARK SOULS™ III - The Ringed City,appinfo.vdf
508440,Totally Accurate Battle Simulator,appinfo.vdf
510350,Infinifactory OST,appinfo.vdf
511680,Fate/EXTELLA,appinfo.vdf
511740,Gal*Gun: Double Peace,appinfo.vdf
512030,Sid Meier's Civilization® VI: Aztec Civilization Pack,appinfo.vdf
517630,Just Cause 4,appinfo.vdf
518790,theHunter: Call of the Wild™,appinfo.vdf
523480,Dota 2 Player Profiles: Vici Gaming Reborn - END,appinfo.vdf
523481,Dota 2 Player Profiles: OG - Fly,appinfo.vdf
523482,Dota 2 Player Profiles: EHOME - iceiceice,appinfo.vdf
523483,Dota 2 Player Profiles: Team Liquid - MATUMBAMAN,appinfo.vdf
523484,Dota 2 Player Profiles: LGD - Maybe,appinfo.vdf
523485,Dota 2 Player Profiles: MVP Phoenix - QO,appinfo.vdf
523486,Dota 2 Player Profiles: Not Playing Dota with Complexity,appinfo.vdf
523487,Dota 2 Player Profiles: Not Playing Dota with Dendi,appinfo.vdf
523488,Dota 2 Player Profiles: Not Playing Dota with END,appinfo.vdf
523489,Dota 2 Player Profiles: Not Playing Dota With MATUMBAMAN,appinfo.vdf
523490,Dota 2 Player Profiles: Not Playing Dota With QO,appinfo.vdf
525720,Minerva's Den Remastered,appinfo.vdf
526660,Rise of the Tomb Raider - Season Pass,appinfo.vdf
530760,Hearts of Iron IV: Together for Victory,appinfo.vdf
531730,Corona Blossom Vol.2 The Truth From Beyond,appinfo.vdf
532210,Life is Strange 2,appinfo.vdf
532770,Time Leap Paradise SUPER LIVE!,appinfo.vdf
533110,The Desolation of Mordor Story Expansion,appinfo.vdf
534110,Agent Origins,appinfo.vdf
534600,Steam Dev Days,appinfo.vdf
534610,Steam Dev Days: Welcome Address,appinfo.vdf
534611,Steam Dev Days: Steam Machines in 2014 - Opening up the Living Room,appinfo.vdf
534612,Steam Dev Days: The Steam Controller,appinfo.vdf
534613,Steam Dev Days: In-Game Economies in Team Fortress 2 and Dota 2,appinfo.vdf
534614,Steam Dev Days: Embracing User Generated Content,appinfo.vdf
534615,Steam Dev Days: Getting Started with Linux Game Development,appinfo.vdf
534616,Steam Dev Days: Marketing Your Game,appinfo.vdf
534617,Steam Dev Days: Music in Valve Games and Media,appinfo.vdf
534618,Steam Dev Days: Moving Your Games to OpenGL,appinfo.vdf
534619,Steam Dev Days: Community and Communication in Games-As-Services,appinfo.vdf
534620,Steam Dev Days: United We Win,appinfo.vdf
534621,Steam Dev Days: Getting Started Debugging on Linux,appinfo.vdf
534622,Steam Dev Days: Optimizing Linux games for AMD Graphics using GPU PerfStudio2,appinfo.vdf
534623,Steam Dev Days: Data to Drive Decision-Making,appinfo.vdf
534624,Steam Dev Days: Is Early Access Right for You?,appinfo.vdf
534625,Steam Dev Days: Performance Tuning Applications for Intel GEN Graphics for Linux,appinfo.vdf
534626,Steam Dev Days: Steam Business Update,appinfo.vdf
534627,Steam Dev Days: Portal 2 and Team Fortress 2 Alternate Reality Games Q&A,appinfo.vdf
534628,Steam Dev Days: The Evolution of Gaming Hardware,appinfo.vdf
534629,Steam Dev Days: Steamworks Features - A Technical Overview,appinfo.vdf
534630,Steam Dev Days: Beyond Porting,appinfo.vdf
534631,Steam Dev Days: 100% Steam (Dovetail Games),appinfo.vdf
534632,Steam Dev Days: Game Development with SDL 2.0,appinfo.vdf
534633,"Steam Dev Days: What VR Could, Should, and Almost Certainly Will Be in 2 Years",appinfo.vdf
534634,Steam Dev Days: Porting Games to Virtual Reality,appinfo.vdf
534635,Steam Dev Days: Wild West of VR,appinfo.vdf
534636,Steam Dev Days: Virtual Reality and Steam,appinfo.vdf
535930,Two Point Hospital,appinfo.vdf
537420,Agent Origins: Pursuit,appinfo.vdf
537421,Agent Origins: Conspiracies,appinfo.vdf
537422,Agent Origins: Ashes,appinfo.vdf
537800,Bomber Crew,appinfo.vdf
541750,Valiant Explorer,appinfo.vdf
542290,Da Capo 3 R,appinfo.vdf
544810,KARDS - The WWII Card Game,appinfo.vdf
545110,Driver Booster 4 for Steam ,appinfo.vdf
548430,Deep Rock Galactic,appinfo.vdf
548840,A Rose in the Twilight,appinfo.vdf
549850,The Shadows of Pygmalion,appinfo.vdf
550760,Steam Dev Days: Welcome,appinfo.vdf
550761,Steam Dev Days: Steam Business Update,appinfo.vdf
550762,Steam Dev Days: Philosophy of VR,appinfo.vdf
550763,Steam Dev Days: The Future of VR and Games,appinfo.vdf
550764,Steam Dev Days: Steam 101 - Getting Started with Marketing Features and Tools,appinfo.vdf
550765,Steam Dev Days: Steam Controller,appinfo.vdf
550766,Steam Dev Days: Steam 201 - Sound Advice from Successful Developers,appinfo.vdf
550767,Steam Dev Days: Your Game's Back-End Item APIs,appinfo.vdf
550768,Steam Dev Days: SteamVR Hardware,appinfo.vdf
550769,Steam Dev Days: Building Unity Games for SteamOS/Linux,appinfo.vdf
550770,Steam Dev Days: UGC and Workshop in ARK: Survival Evolved,appinfo.vdf
550771,Steam Dev Days: Video Content on Steam,appinfo.vdf
550772,Steam Dev Days: Game Server Hosting,appinfo.vdf
550773,Steam Dev Days: Games as a Service,appinfo.vdf
550774,Steam Dev Days: Unity Development for VR,appinfo.vdf
550775,Steam Dev Days: Developing The Lab,appinfo.vdf
550776,Steam Dev Days: The Psychology of Games,appinfo.vdf
550777,Steam Dev Days: Vulkan Graphics Panel,appinfo.vdf
550778,Steam Dev Days: Early Access,appinfo.vdf
550779,Steam Dev Days: Anti-Cheat for Multiplayer Games,appinfo.vdf
550780,Steam Dev Days: Delivering Great VR With Simple Graphics,appinfo.vdf
550781,Steam Dev Days: Healthy Publisher Relationships,appinfo.vdf
550782,Steam Dev Days: The Art of Communication: Decoding the Creative Relationship,appinfo.vdf
550783,Steam Dev Days: UE4 Development + Shipping an UE4 VR Game,appinfo.vdf
550784,Steam Dev Days: VR Developer Panel,appinfo.vdf
551410,6th Annual Saxxy Awards,appinfo.vdf
552280,Tayutama 2 -you're the only one-,appinfo.vdf
552500,Warhammer: Vermintide 2,appinfo.vdf
553640,ICEY,appinfo.vdf
553670,Beholder - Original Soundtrack,appinfo.vdf
555630,A Magical High School Girl,appinfo.vdf
555640,Japanese School Life,appinfo.vdf
556150,3DMark VRS feature test,appinfo.vdf
556450,The Forest Dedicated Server,appinfo.vdf
558990,Opus Magnum,appinfo.vdf
561630,Slaughter Tribe Nemesis Expansion,appinfo.vdf
561631,Outlaw Tribe Nemesis Expansion,appinfo.vdf
561650,The Blade of Galadriel Story Expansion,appinfo.vdf
562480,Corona Blossom Vol.3 Journey to the Stars,appinfo.vdf
564180,ICEY OST,appinfo.vdf
564190,Not A Hero,appinfo.vdf
568220,Lobotomy Corporation,appinfo.vdf
568880,Sniper Elite 4 Dedicated Server,appinfo.vdf
570660,The Binding of Isaac: Afterbirth+,appinfo.vdf
573060,LOGistICAL,appinfo.vdf
575480,WAGAMAMA HIGH SPEC,appinfo.vdf
578080,PUBG: BATTLEGROUNDS,appinfo.vdf
582010,Monster Hunter: World,appinfo.vdf
583090,SeaBed,appinfo.vdf
584140,Hearts of Iron IV: Death or Dishonor,appinfo.vdf
585280,CS:GO Player Profiles: Counter-Strike: A Brief History,appinfo.vdf
585281,CS:GO Player Profiles: Zeus - Gambit,appinfo.vdf
585282,CS:GO Player Profiles: coldzera – SK Gaming,appinfo.vdf
585283,CS:GO Player Profiles: s1mple – Natus Vincere,appinfo.vdf
588460,Steam Controller Configs - Test,appinfo.vdf
588650,Dead Cells,appinfo.vdf
593110,Steam News,appinfo.vdf
597260,Sid Meier's Civilization VI Development Assets,appinfo.vdf
601150,Devil May Cry 5,appinfo.vdf
602520,NEKOPARA Vol. 3,appinfo.vdf
602960,Barotrauma,appinfo.vdf
606150,Moonlighter,appinfo.vdf
607260,McOsu,appinfo.vdf
613220,Steam 360 Video Player,appinfo.vdf
616110,SPACEPLAN,appinfo.vdf
616250,Crystalline,appinfo.vdf
616950,Beholder - Blissful Sleep,appinfo.vdf
617660,Dong-Jin Rice-hime,appinfo.vdf
620210,Fatal Twelve,appinfo.vdf
621060,PC Building Simulator,appinfo.vdf
621830,WRC 7,appinfo.vdf
622220,Fate/EXTELLA LINK,appinfo.vdf
622590,PUBG: Test Server,appinfo.vdf
623080,planetarian HD,appinfo.vdf
623990,Tom Clancy's Rainbow Six Siege - Test Server,appinfo.vdf
624822,Counter-Strike: Global Offensive Steam China Edition,appinfo.vdf
627270,Injustice™ 2,appinfo.vdf
627390,DLC - WRC 7 Porsche Car,appinfo.vdf
629520,Soundpad,appinfo.vdf
630980,Lego Batman 'The Batmersive Experience',appinfo.vdf
632470,Disco Elysium,appinfo.vdf
635640,Half-Life Ownership,appinfo.vdf
636750,Oxygen Not Included Uploader,appinfo.vdf
637850,Confess My Love,appinfo.vdf
638930,Dal Segno,appinfo.vdf
641990,The Escapists 2,appinfo.vdf
642010,Hearts of Iron IV: Anniversary Pack,appinfo.vdf
644560,Mirror,appinfo.vdf
645970,Rock of Ages 2 - Classic Pack,appinfo.vdf
648800,Raft,appinfo.vdf
658560,Zup! 7,appinfo.vdf
658850,Do Not Feed the Monkeys,appinfo.vdf
658920,Half-Life 2: VR Mod,appinfo.vdf
662960,Mysteria~Occult Shadows~,appinfo.vdf
666140,My Time at Portia,appinfo.vdf
668580,Atomic Heart,appinfo.vdf
668630,Tricolour Lovestory,appinfo.vdf
672870,ScreenPlay,appinfo.vdf
673750,Super Bunny Man,appinfo.vdf
675240,Shining Song Starnova,appinfo.vdf
684410,Bridge Constructor Portal,appinfo.vdf
698780,Doki Doki Literature Club,appinfo.vdf
700330,SCP: Secret Laboratory,appinfo.vdf
701420,Ne no Kami - The Two Princess Knights of Kyoto Part 2,appinfo.vdf
702050,The Song of Saya,appinfo.vdf
702350,Hearts of Iron IV: Waking the Tiger,appinfo.vdf
702690,Dota 2 Player Profiles: OG - ANA,appinfo.vdf
702691,Dota 2 Player Profiles: Invictus Gaming -  BurNIng,appinfo.vdf
702692,Dota 2 Player Profiles: Team Liquid - Miracle-,appinfo.vdf
702693,Dota 2 Player Profiles: Virtus.Pro,appinfo.vdf
702694,Dota 2 Player Profiles: Not Playing Dota With ANA,appinfo.vdf
702695,Dota 2 Player Profiles: Not Playing Dota with Universe and Zai,appinfo.vdf
702696,Dota 2 Player Profiles: Not Playing Dota With Virtus.Pro,appinfo.vdf
704850,Thief Simulator,appinfo.vdf
704910,Tenta Shooter,appinfo.vdf
705120,DeathComing,appinfo.vdf
712640,Don't Starve: Hamlet,appinfo.vdf
715580,Hoshizora no Memoria -Wish upon a Shooting Star- HD,appinfo.vdf
716270,Middle-earth™: Shadow of War™ Expansion Pass,appinfo.vdf
716340,Blackberry Honey,appinfo.vdf
716490,EXAPUNKS,appinfo.vdf
716910,Dong-Jin Rice-hime -Expansion Pack,appinfo.vdf
720280,Fox Hime,appinfo.vdf
721270,Darkseid,appinfo.vdf
728880,Overcooked! 2,appinfo.vdf
733580,SteamVR Media Player,appinfo.vdf
736120,Steam Controller Configs - Launchers,appinfo.vdf
738840,Brutal Alice  -The Handred Day's War-,appinfo.vdf
739630,Phasmophobia,appinfo.vdf
744350,Steam Chat Images,appinfo.vdf
744520,NEKO-NIN exHeart +PLUS Nachi,appinfo.vdf
745850,KARAKARA2,appinfo.vdf
745960,A Sky Full of Stars,appinfo.vdf
749520,Sakura no Mori † Dreamers,appinfo.vdf
750920,Shadow of the Tomb Raider,appinfo.vdf
750990,NEKO-NIN exHeart +PLUS Saiha,appinfo.vdf
758090,Monobeno,appinfo.vdf
761620,Beholder 2,appinfo.vdf
767320,Granblue Fantasy,appinfo.vdf
768530,Kingdom Come: Deliverance - Treasures of the Past,appinfo.vdf
769560,Night of the Full Moon,appinfo.vdf
769610,Zup! 7 - 4:3 Pack,appinfo.vdf
774041,Mirror Cosplay Album,appinfo.vdf
774071,NEKOPARA OVA Set,appinfo.vdf
774081,NEKOPARA Vol. 1 - Artbook,appinfo.vdf
774171,Muse Dash,appinfo.vdf
774941,Squad - Public Testing,appinfo.vdf
774961,Squad - Public Test Dedicated Server,appinfo.vdf
776490,永遠消失的幻想鄉 ～ The Disappearing of Gensokyo,appinfo.vdf
778530,The Disappearing of Gensokyo: Patchouli Character Pack,appinfo.vdf
779280,"The Disappearing of Gensokyo: Sakuya, Koishi, Suika Character Pack",appinfo.vdf
783120,Hello Lady!,appinfo.vdf
784070,Story Expansion Pass,appinfo.vdf
787480,Phoenix Wright: Ace Attorney Trilogy,appinfo.vdf
788050,Re;Lord 1 ~The witch of Herfort and stuffed animals~,appinfo.vdf
797010,Mavi's Journey,appinfo.vdf
802870,The Ditzy Demons Are in Love With Me,appinfo.vdf
804320,"Papers, Please - The Short Film",appinfo.vdf
804410,The Making of Horizon Zero Dawn,appinfo.vdf
804580,The Making of Horizon Zero Dawn: Horizon Zero Dawn Documentary,appinfo.vdf
807210,7th Annual Saxxy Awards,appinfo.vdf
809880,Degrees of Separation,appinfo.vdf
813000,PUBG: Experimental Server,appinfo.vdf
813090,The Making of Horizon Zero Dawn: John Gonzalez Extended Interview,appinfo.vdf
813091,The Making of Horizon Zero Dawn: Mathijs De Jonge Extended Interview,appinfo.vdf
814380,Sekiro™: Shadows Die Twice,appinfo.vdf
823720,PC Building Simulator - Good Company Case,appinfo.vdf
824270,KovaaK's,appinfo.vdf
825550,BlueberryNOVA,appinfo.vdf
825630,STEINS;GATE 0,appinfo.vdf
828580,NEKO-NIN exHeart 2,appinfo.vdf
831660,Monobeno-HAPPY END-,appinfo.vdf
836900,Kingdom Come: Deliverance - HD Sound Pack,appinfo.vdf
840720,Sword Art Online: Lost Song,appinfo.vdf
844190,Mirror OST,appinfo.vdf
844670,Please Be Happy,appinfo.vdf
845340,Ne no Kami - The Two Princess Knights of Kyoto Extra Story,appinfo.vdf
848450,Subnautica: Below Zero,appinfo.vdf
849165,Shadow of the Tomb Raider - Original Game Soundtrack,appinfo.vdf
849166,Shadow of the Tomb Raider - Robes of Puka Huk,appinfo.vdf
849167,Shadow of the Tomb Raider - Tactical Adventurer (Black) Outfit,appinfo.vdf
849168,Shadow of the Tomb Raider - Explorer Outfit,appinfo.vdf
849170,Shadow of the Tomb Raider - Outfit: Brocken,appinfo.vdf
849171,Shadow of the Tomb Raider - Sinchi Chiqa Battle Dress,appinfo.vdf
849176,Shadow of the Tomb Raider - Tunic of the Exiled Fox,appinfo.vdf
849177,Shadow of the Tomb Raider - Puka Huk’s Bow,appinfo.vdf
849178,Shadow of the Tomb Raider - K&H Kap Pistol,appinfo.vdf
849179,Shadow of the Tomb Raider - Sedgewick 707 Shotgun,appinfo.vdf
849180,Shadow of the Tomb Raider - Weapon: Umbrage 3-80,appinfo.vdf
849181,Shadow of the Tomb Raider - Oathtaker's Bow,appinfo.vdf
849186,Shadow of the Tomb Raider - Exiled Fox’s Bow,appinfo.vdf
849187,Shadow of the Tomb Raider - The Forge Content,appinfo.vdf
849188,Shadow of the Tomb Raider - The Pillar Content,appinfo.vdf
849260,Shadow of the Tomb Raider - Deluxe Extras,appinfo.vdf
849261,Shadow of the Tomb Raider - Croft Edition Extras,appinfo.vdf
849262,Shadow of the Tomb Raider - Season Pass,appinfo.vdf
849300,Shadow of the Tomb Raider - Spectre Gear,appinfo.vdf
849301,Shadow of the Tomb Raider - Golden Eagle Gear,appinfo.vdf
849302,Shadow of the Tomb Raider - Fear Incarnate Gear,appinfo.vdf
849303,Shadow of the Tomb Raider - Classic Trinity Gear,appinfo.vdf
849304,Shadow of the Tomb Raider - Myth Hunter Gear,appinfo.vdf
849305,Shadow of the Tomb Raider - Force of Chaos Gear,appinfo.vdf
849306,Shadow of the Tomb Raider - The Forge,appinfo.vdf
849307,Shadow of the Tomb Raider - The Pillar,appinfo.vdf
849308,Shadow of the Tomb Raider - The Nightmare,appinfo.vdf
849309,Shadow of the Tomb Raider - The Price of Survival,appinfo.vdf
849310,Shadow of the Tomb Raider - The Serpent's Heart,appinfo.vdf
849311,Shadow of the Tomb Raider - The Grand Caiman,appinfo.vdf
850000,Noel the Mortal Fate Complete Edition,appinfo.vdf
850800,Huawei VR2 driver,appinfo.vdf
851890,Gal*Gun 2,appinfo.vdf
855060,Huawei VR2,appinfo.vdf
858280,Proton 3.7,appinfo.vdf
862690,"Kid,napper: Gosh, I'm Kidnapped by a Pupil",appinfo.vdf
862710,"Kid,napper - Extra Content",appinfo.vdf
863550,HITMAN™ 2,appinfo.vdf
866060,Warhammer: Vermintide 2 SDK,appinfo.vdf
866850,Middle-earth: Shadow of War Definitive Edition Content,appinfo.vdf
868311,ACE COMBAT™7: SKIES UNKNOWN - ADF-01 FALKEN Set,appinfo.vdf
868420,Just Cause™ 4: Deathstalker Scorpion Pack,appinfo.vdf
868422,Just Cause™ 4: Digital Deluxe Content,appinfo.vdf
868428,Just Cause™ 4: Neon Racer Pack,appinfo.vdf
868429,Just Cause™ 4: Renegade Pack,appinfo.vdf
868490,Far Cry 5: Inside Eden’s Gate,appinfo.vdf
869480,Jabroni Brawl: Episode 3,appinfo.vdf
869800,Jabroni Brawl: Episode 3 - Dedicated Server,appinfo.vdf
869810,Jabroni Brawl: Episode 3 - Authoring Tools,appinfo.vdf
870780,Control Ultimate Edition,appinfo.vdf
870820,Wakaru ver. beta,appinfo.vdf
873490,不落城-Unconquered Castle,appinfo.vdf
875860,Dota 2 - Short Film 2018,appinfo.vdf
877280,SAO Utils 2: Progressive,appinfo.vdf
877290,SAO Utils 2 - Beta Tester,appinfo.vdf
878150,Core Awaken ~The Yuka~,appinfo.vdf
878380,东方大战争 ~ Touhou Big Big Battle,appinfo.vdf
878750,Hentai Girl,appinfo.vdf
880490,与雾雨魔理沙一起偷重要的东西 ~ Happy Stealing with Kirisame Marisa,appinfo.vdf
880940,Pummel Party,appinfo.vdf
880950,Maitetsu:Pure Station,appinfo.vdf
881020,Granblue Fantasy: Relink,appinfo.vdf
881100,Noita,appinfo.vdf
883150,Kingdom Come: Deliverance – From the Ashes,appinfo.vdf
885650,The Waters Above: Prelude,appinfo.vdf
885810,The Witch's House MV,appinfo.vdf
891390,SteamPlay 2.0 Manifests,appinfo.vdf
891510,Love's Sweet Garnish,appinfo.vdf
892970,Valheim,appinfo.vdf
893720,One Hand Clapping,appinfo.vdf
895850,URO,appinfo.vdf
895860,WitchAction,appinfo.vdf
896000,LobotomyCorporation_ArtBook,appinfo.vdf
896170,我的妖狐妹妹,appinfo.vdf
896660,Valheim Dedicated Server,appinfo.vdf
899970,NEKOPARA Extra,appinfo.vdf
906870,FurryFury,appinfo.vdf
907370,Mirror: The Lost Shards,appinfo.vdf
909080,Cube Escape: Paradox,appinfo.vdf
909090,Paradox: A Rusty Lake Film,appinfo.vdf
910460,Rocket of Whispers: Prologue,appinfo.vdf
916060,Loca-Love My Cute Roommate,appinfo.vdf
920490,Driver Booster for Steam,appinfo.vdf
921950,Kingdom Come: Deliverance – The Amorous Adventures of Bold Sir Hans Capon,appinfo.vdf
923910,Eve of Souls: Static Pod,appinfo.vdf
927890,Hentai Girl Linda,appinfo.vdf
930440,Early Access Deluxe/Croft Edition Owner,appinfo.vdf
930910,STEINS;GATE: Linear Bounded Phenogram,appinfo.vdf
939400,LoveChoice 拣爱,appinfo.vdf
940680,The Textorcist: The Story of Ray Bibbia,appinfo.vdf
941300,东方梦零魂 ~ TouHou Nil Soul,appinfo.vdf
942970,Unheard,appinfo.vdf
943200,Shadow of the Tomb Raider - The Path Home,appinfo.vdf
943490,Team Fortress 2008,appinfo.vdf
943690,NEKO-NIN exHeart - 18+ Adult Only Content,appinfo.vdf
943820,Shining Song Starnova - 18+ Adult Only Content,appinfo.vdf
943980,The logic of the miniature garden,appinfo.vdf
944490,Vox Machinae Dedicated Server,appinfo.vdf
947650,NEKOPARA Vol. 1 - 18+ Adult Only Content,appinfo.vdf
947660,NEKOPARA Vol. 2 - 18+ Adult Only Content,appinfo.vdf
947670,NEKOPARA Vol. 3 - 18+ Adult Only Content,appinfo.vdf
947680,KARAKARA - 18+ Adult Only Content,appinfo.vdf
947690,KARAKARA2 - 18+ Adult Only Content,appinfo.vdf
947700,Love's Sweet Garnish - 18+ Adult Only Content,appinfo.vdf
947710,NEKO-NIN exHeart +PLUS Nachi - 18+ Adult Only Content,appinfo.vdf
947720,NEKO-NIN exHeart +PLUS Saiha - 18+ Adult Only Content,appinfo.vdf
947730,NEKO-NIN exHeart 2 - 18+ Adult Only Content,appinfo.vdf
947750,Ne no Kami - The Two Princess Knights of Kyoto - 18+ Adult Only Content,appinfo.vdf
947760,Ne no Kami - The Two Princess Knights of Kyoto Part 2 - 18+ Adult Only Content,appinfo.vdf
947940,SCP: Nukalypse,appinfo.vdf
948430,The Ditzy Demons Are in Love With Me - 18+ Adult Only Content,appinfo.vdf
950460,Paradise Cleaning!,appinfo.vdf
950556,HITMAN™ 2 - Hawke's Bay,appinfo.vdf
952040,MUSYNX,appinfo.vdf
953490,CARRION,appinfo.vdf
958260,DEAD OR ALIVE Xtreme Venus Vacation,appinfo.vdf
959890,Sister Travel,appinfo.vdf
960170,DJMAX RESPECT V,appinfo.vdf
960180,Tenta Shooter: Adult Only Content,appinfo.vdf
960781,Monster Hunter: World - High Resolution Texture Pack,appinfo.vdf
960910,Heavy Rain,appinfo.vdf
960990,Beyond: Two Souls,appinfo.vdf
961940,Proton 3.16,appinfo.vdf
963400,SCP: Blackout,appinfo.vdf
963690,Hentai Girl Hime,appinfo.vdf
965010,Trinoline,appinfo.vdf
967490,Microsoft Maquette,appinfo.vdf
969700,NekoMiko,appinfo.vdf
970560,STEINS;GATE: My Darling's Embrace,appinfo.vdf
970570,CHAOS;CHILD,appinfo.vdf
970600,Paranoia: Deliver Me,appinfo.vdf
972350,Just Cause™ 4: Danger Rising,appinfo.vdf
973910,PC Building Simulator - Overclocked Edition Content,appinfo.vdf
976310,Mortal Kombat 11,appinfo.vdf
976390,9-nine-:Episode 1,appinfo.vdf
976730,Halo: The Master Chief Collection,appinfo.vdf
977400,Cell to Singularity - Evolution Never Ends,appinfo.vdf
977420,Kingdom Come: Deliverance – Band of Bastards,appinfo.vdf
977770,Beholder - Official Short Film,appinfo.vdf
977880,Eastward,appinfo.vdf
977950,A Dance of Fire and Ice,appinfo.vdf
978070,爱上火车-Pure Station- 原声音乐集,appinfo.vdf
978460,Emily is Away <3,appinfo.vdf
978870,Lilycle Rainbow Stage!!!,appinfo.vdf
979600,Kaori After Story,appinfo.vdf
981750,Crystar,appinfo.vdf
982400,赫炎的印加诺克 Fullvoice ReBORN,appinfo.vdf
982590,PC Building Simulator - Razer Workshop,appinfo.vdf
982600,PC Building Simulator - Deadstick Case,appinfo.vdf
983150,Sakura no Mori † Dreamers 2,appinfo.vdf
984600,Trinoline Genesis,appinfo.vdf
985080,食用系少女 Food Girls,appinfo.vdf
990830,Re;Lord 1 - 18+ Adult Only Content,appinfo.vdf
993090,Lossless Scaling,appinfo.vdf
996560,SCP: Secret Laboratory Dedicated Server,appinfo.vdf
998380,BlueberryNOVA - 18+ Adult Only Content,appinfo.vdf
1000360,Hellish Quart,appinfo.vdf
1002560,Tiny Snow,appinfo.vdf
1004240,Hentai Girl Karen,appinfo.vdf
1007350,Mirror Maker,appinfo.vdf
1009670,Mysteria~Occult Shadows~Magical charm,appinfo.vdf
1009990,SCP022,appinfo.vdf
1010600,"The Princess, the Stray Cat, and Matters of the Heart",appinfo.vdf
1010890,Touhou Fantasia,appinfo.vdf
1011890,Mirror: Songs of the Maidens,appinfo.vdf
1011900,Mirror: Enchanting Reflections,appinfo.vdf
1015890,TASOMACHI: Behind the Twilight,appinfo.vdf
1016370,Steam Forum Images,appinfo.vdf
1016920,Unrailed!,appinfo.vdf
1016960,Super Neptunia RPG,appinfo.vdf
1017410,Tetra Project - 原石计划,appinfo.vdf
1017860,Hentai Time,appinfo.vdf
1018930,【SCP】器関ノ彷徨 -The will of a single Tale- 本編：第１部,appinfo.vdf
1025070,Hello Lady! -New Division-,appinfo.vdf
1025140,LAMUNATION! -international-,appinfo.vdf
1027130,NEKO-NIN exHeart 2 Love+PLUS,appinfo.vdf
1033420,9-nine-:Episode 2,appinfo.vdf
1033890,Kingdom Come: Deliverance - A Woman's Lot,appinfo.vdf
1035760,Glimmer in Mirror,appinfo.vdf
1037590,Neptunia Shooter,appinfo.vdf
1038740,Fluffy Store,appinfo.vdf
1042420,DayZ Experimental Server,appinfo.vdf
1044490,The Expression Amrilato,appinfo.vdf
1044620,Aokana - Four Rhythms Across the Blue,appinfo.vdf
1046440,Dead Cells: Rise of the Giant,appinfo.vdf
1047440,DATE A LIVE: Rio Reincarnation,appinfo.vdf
1049590,Eternal Return,appinfo.vdf
1054830,Proton 4.2,appinfo.vdf
1055670,DATE A LIVE Rio Reincarnation Deluxe Pack,appinfo.vdf
1055680,Super Neptunia RPG Deluxe Pack,appinfo.vdf
1055810,Muse Dash - Just as planned,appinfo.vdf
1057090,Ori and the Will of the Wisps,appinfo.vdf
1057910,hackerone_test_app3 (application created without prepayment),appinfo.vdf
1058360,Shadow of the Tomb Raider - Sworn Defender,appinfo.vdf
1060630,ぶんまわしヒーロー,appinfo.vdf
1064220,Halo: Reach,appinfo.vdf
1064221,Halo: Combat Evolved Anniversary,appinfo.vdf
1064270,Halo 2: Anniversary,appinfo.vdf
1064271,Halo 3,appinfo.vdf
1064272,Halo 3: ODST,appinfo.vdf
1064273,Halo 4,appinfo.vdf
1064610,Neon Beats,appinfo.vdf
1065280,Unheard-FirstDLC-FREE,appinfo.vdf
1066860,RPG Paper Maker,appinfo.vdf
1067471,Crystar - One Piece (OP Ver.),appinfo.vdf
1067476,Crystar - Uniform,appinfo.vdf
1067590,PC Building Simulator - Republic of Gamers Workshop,appinfo.vdf
1069230,Tsukikage no Simulacre: Kaihou no Hane,appinfo.vdf
1069760,Ethereal Enigma,appinfo.vdf
1070050,Crystar - Mirai’s Clothes,appinfo.vdf
1070051,Crystar - Mephis’s Clothes,appinfo.vdf
1070052,Crystar - Anamnesis's Clothes,appinfo.vdf
1070053,Crystar - Pheles’s Clothes,appinfo.vdf
1070054,Crystar - Rei's Santa Costume,appinfo.vdf
1070055,Crystar - Kokoro's Santa Costume,appinfo.vdf
1070056,Crystar - Sen's Santa Costume,appinfo.vdf
1070057,Crystar - Nanana's Santa Costume,appinfo.vdf
1070058,Crystar - Rei's Comic Outfit,appinfo.vdf
1070059,Crystar - Kokoro's Comic Outfit,appinfo.vdf
1070120,Crystar - Sen's Comic Outfit,appinfo.vdf
1070121,Crystar - Nanana's Comic Outfit,appinfo.vdf
1070122,Crystar - Rei's Peddler Outfit,appinfo.vdf
1070123,Crystar - Kokoro's Peddler Outfit,appinfo.vdf
1070130,Crystar - Sen's Peddler Outfit,appinfo.vdf
1070131,Crystar - Nanana's Peddler Outfit,appinfo.vdf
1070132,Crystar - Rei's Mascot Costume,appinfo.vdf
1070140,Crystar - Kokoro's Mascot Costume,appinfo.vdf
1070141,Crystar - Sen's Mascot Costume,appinfo.vdf
1070142,Crystar - Nanana's Mascot Costume,appinfo.vdf
1070560,Steam Linux Runtime 1.0 (scout),appinfo.vdf
1070910,Are You Ready for Valve Index?,appinfo.vdf
1076620,Svoboda 1945: Liberation,appinfo.vdf
1078350,Ambrosia,appinfo.vdf
1080080,MCC - H1: Multiplayer,appinfo.vdf
1082579,Super Neptunia RPG - Additional Party Members Set,appinfo.vdf
1082580,Super Neptunia RPG - Animal Ears and Tails Set,appinfo.vdf
1082581,Super Neptunia RPG - Swimsuit Set,appinfo.vdf
1084520,雀姬,appinfo.vdf
1085660,Destiny 2,appinfo.vdf
1087120,Just Cause™ 4: Toy Vehicle Pack,appinfo.vdf
1087121,Just Cause™ 4: Soaring Speed Vehicle Pack,appinfo.vdf
1087122,Just Cause™ 4: Adversary Vehicle Pack,appinfo.vdf
1088310,NEKOPARA Extra - Artbook,appinfo.vdf
1088330,NEKOPARA Vol. 0 - Artbook,appinfo.vdf
1088340,NEKOPARA Vol. 2 - Artbook,appinfo.vdf
1088350,NEKOPARA Vol. 3 - Artbook,appinfo.vdf
1088790,Rebel Inc: Escalation,appinfo.vdf
1091500,Cyberpunk 2077,appinfo.vdf
1093890,QPet,appinfo.vdf
1094820,徒花異譚 / Adabana Odd Tales,appinfo.vdf
1094930,Ninja Girl and the Mysterious Army of Urban Legend Monsters! ~Hunt of the Headless Horseman~,appinfo.vdf
1097220,MCC - H4: Multiplayer,appinfo.vdf
1097222,MCC - H3: Multiplayer,appinfo.vdf
1097223,MCC - H2: Multiplayer,appinfo.vdf
1097224,MCC - Reach (Content Pack 2),appinfo.vdf
1097430,依盖之书 book of yog,appinfo.vdf
1098260,Creativerse Dedicated Server,appinfo.vdf
1098840,ZACH-LIKE,appinfo.vdf
1101360,Rock of Ages 3: Make & Break,appinfo.vdf
1106940,How to Raise a Wolf Girl,appinfo.vdf
1108760,MCC - H1: Extended Language Pack,appinfo.vdf
1108761,MCC - H2: Extended Language Pack,appinfo.vdf
1108762,MCC - H3: Extended Language Pack,appinfo.vdf
1108763,MCC - ODST: Extended Language Pack,appinfo.vdf
1109290,Shadow of the Tomb Raider - Definitive Edition Content,appinfo.vdf
1109460,There is No GreenDam,appinfo.vdf
1109570,《文字遊戲》,appinfo.vdf
1109620,MCC - H4: Extended Language Pack,appinfo.vdf
1109621,MCC - Reach: Extended Language Pack,appinfo.vdf
1110390,Unturned Dedicated Server,appinfo.vdf
1111210,The Backrooms Game FREE Edition,appinfo.vdf
1111350,Crystar - Sexy Bikini (Blue),appinfo.vdf
1111351,Crystar - Frilly Bikini (White),appinfo.vdf
1111352,Crystar - School Swimsuit (White),appinfo.vdf
1111460,Bunny eShop,appinfo.vdf
1113280,Proton 4.11,appinfo.vdf
1113550,Bridge Constructor Portal - Portal Proficiency,appinfo.vdf
1117630,I got a cat maid！,appinfo.vdf
1117850,Cuphead - The Delicious Last Course,appinfo.vdf
1118010,Monster Hunter World: Iceborne,appinfo.vdf
1118012,Monster Hunter World: Iceborne Deluxe Kit,appinfo.vdf
1122750,异化之恶〇Abnormal Treatment,appinfo.vdf
1123920,Canadian Armed Forces DLC,appinfo.vdf
1123960,Unheard - 2ndDLC-FREE,appinfo.vdf
1124830,东方华彩乱战 ~ Touhou Blooming Chaos,appinfo.vdf
1127700,Reverse Collapse: Code Name Bakery,appinfo.vdf
1128260,"The Princess, the Stray Cat, and Matters of the Heart 2",appinfo.vdf
1128400,Crystar - Limited Edition OST,appinfo.vdf
1129250,NEKO-NIN exHeart 3,appinfo.vdf
1141040,I got a cat maid！ - Uncensored Patch,appinfo.vdf
1142330,NARUTO SHIPPUDEN: UNS 4 ROAD TO BORUTO NEXT GENERATIONS Pack,appinfo.vdf
1142400,New Zealand VR,appinfo.vdf
1142830,9-nine-:Episode 3,appinfo.vdf
1143500,Mysteria~Occult Shadows~White Maid,appinfo.vdf
1143520,Mysteria~Occult Shadows~HD and Animated Wallpaper ,appinfo.vdf
1143530,Mysteria~Occult Shadows~Black silk Sleepwear,appinfo.vdf
1144400,Senren＊Banka,appinfo.vdf
1144440,Under Party,appinfo.vdf
1144770,SLUDGE LIFE,appinfo.vdf
1145360,Hades,appinfo.vdf
1146630,妖語り/Yokai's Secret,appinfo.vdf
1146950,Hentai Girl Fantasy,appinfo.vdf
1148510,Pretty Angel,appinfo.vdf
1150550,Winter Polaris,appinfo.vdf
1151740,Prison Princess,appinfo.vdf
1158100,Hearts of Iron IV: La Résistance,appinfo.vdf
1161040,Proton BattlEye Runtime,appinfo.vdf
1161190,Natsu no Iro no Nostalgia,appinfo.vdf
1161800,URO2,appinfo.vdf
1161930,東方幻夢箋 ~ Touhou Phantasm Dream,appinfo.vdf
1162070,喵可莉的兔玩偶,appinfo.vdf
1168880,MOLEK-SYNTEZ,appinfo.vdf
1172450,Carto,appinfo.vdf
1172620,Sea of Thieves,appinfo.vdf
1172980,绮罗四时谭,appinfo.vdf
1173010,Flowers Blooming at the End of Summer,appinfo.vdf
1174581,Dying Light - Left 4 Dead 2 Weapon Pack,appinfo.vdf
1178050,狐の旅路,appinfo.vdf
1179800,爱上火车-Pure Station-御一夜物语,appinfo.vdf
1180320,三国杀,appinfo.vdf
1181520,Null & Peta -Invasion of the Queen Bug-,appinfo.vdf
1181630,Rebel Inc: Escalation - Soundtrack,appinfo.vdf
1182480,EALink,appinfo.vdf
1183260,TrymenT -Ima o Kaetai to Negau Anata e- AlphA Hen,appinfo.vdf
1185850,Two Point Hospital: Jingle Jam Jingle Jimjams,appinfo.vdf
1192910,食用系少女：美食內戰 Food Girls：Civil War,appinfo.vdf
1195990,Pretty Angel - 18+ Adult Only Content,appinfo.vdf
1197580,Nekoview,appinfo.vdf
1198960,PC Building Simulator - NZXT Workshop,appinfo.vdf
1202310,Sakura Succubus,appinfo.vdf
1202540,Marco & The Galaxy Dragon,appinfo.vdf
1204050,Pixel Studio - best pixel art editor,appinfo.vdf
1204130,Dead Cells: The Bad Seed,appinfo.vdf
1205600,Unheard-Dark Fortune Teller,appinfo.vdf
1205930,Do Not Feed the Monkeys: Steamity Game,appinfo.vdf
1206610,Rubber Bandits,appinfo.vdf
1212620,Pretty Neko,appinfo.vdf
1213300,叛逆神魂 GODSOUL🔥,appinfo.vdf
1216710,Cyber Manhunt,appinfo.vdf
1217890,Pretty Neko - 18+ Adult Only Content,appinfo.vdf
1218040,Yokai's Secret - Free 18+ Content,appinfo.vdf
1219130,Aokana - Drama CD 1,appinfo.vdf
1219150,Aokana - Drama CD Vol 2,appinfo.vdf
1222140,Detroit: Become Human,appinfo.vdf
1223590,Lunar New Year 2020,appinfo.vdf
1223870,Sakura Hime 2,appinfo.vdf
1227650,Bang-On Balls: Chronicles,appinfo.vdf
1230140,ATRI -My Dear Moments-,appinfo.vdf
1233270,OshiRabu: Waifus Over Husbandos,appinfo.vdf
1235260,Steam Controller Configs - Secure Desktop,appinfo.vdf
1237370,牛顿与苹果树,appinfo.vdf
1238680,Amairo Chocolate,appinfo.vdf
1238840,Battlefield™ 1,appinfo.vdf
1238850,Battlefield™ 1 Premium Pass,appinfo.vdf
1241700,There is no game: Jam Edition 2015,appinfo.vdf
1245040,Proton 5.0,appinfo.vdf
1245540,Touhou Endless Dream,appinfo.vdf
1245620,ELDEN RING,appinfo.vdf
1246020,NOeSIS01-诉说谎言的记忆之物语,appinfo.vdf
1246570,喵可莉的兔玩偶 - 后日谈,appinfo.vdf
1250760,海沙风云 Far Away,appinfo.vdf
1252990,PC Building Simulator - Esports Expansion,appinfo.vdf
1255650,Geometry Arena,appinfo.vdf
1259490,Battlefield 1 - Key,appinfo.vdf
1259491,Battlefield 1 Revolution - Key,appinfo.vdf
1259492,Battlefield 1 They Shall Not Pass,appinfo.vdf
1259493,Battlefield 1 Turning Tides,appinfo.vdf
1259494,Battlefield 1 Apocalypse,appinfo.vdf
1259495,Battlefield 1 In the Name of the Tsar,appinfo.vdf
1259496,Battlefield 1 Hellfighter Pack,appinfo.vdf
1259497,Battlefield 1 Expansion Pack,appinfo.vdf
1259498,Battlefield 1 Heroes of the Great War Bundle,appinfo.vdf
1259499,Battlefield 1 Deluxe Upgrade,appinfo.vdf
1260320,Party Animals,appinfo.vdf
1260810,东方华彩乱战2 ~ Touhou Blooming Chaos 2,appinfo.vdf
1267540,WRC 9 FIA World Rally Championship,appinfo.vdf
1269790,Sakura Hime 2 - 18+ Adult Only Content,appinfo.vdf
1271470,World of Goo Soundtrack,appinfo.vdf
1271670,DJMAX RESPECT V - TRILOGY PACK,appinfo.vdf
1271671,DJMAX RESPECT V - GROOVE COASTER PACK,appinfo.vdf
1272090,Dying Light - Unturned Weapon Pack,appinfo.vdf
1276160,3DMark Wild Life benchmark,appinfo.vdf
1277510,Re:ZERO -Starting Life in Another World- The Prophecy of the Throne,appinfo.vdf
1277930,Riddle Joker,appinfo.vdf
1277940,Kinkoi,appinfo.vdf
1279000,Glare fall,appinfo.vdf
1279610,PrprLive,appinfo.vdf
1281800,Samsara Room,appinfo.vdf
1281930,tModLoader,appinfo.vdf
1282210,DEEMO -Reborn-,appinfo.vdf
1282270,Strinova,appinfo.vdf
1283960,东方幻灵录~Touhou Hakanai Cards,appinfo.vdf
1288310,Firework,appinfo.vdf
1289310,Helltaker,appinfo.vdf
1289960,Core Awaken ~Jilelen and LittleSnow~,appinfo.vdf
1290490,UNBEATABLE [white label],appinfo.vdf
1293820,YOU and ME and HER: A Love Story,appinfo.vdf
1293830,Forza Horizon 4,appinfo.vdf
1295740,Mine Dungeon2 ~Rurumu's trip~,appinfo.vdf
1295800,PC Building Simulator - Overclockers UK Workshop,appinfo.vdf
1298590,Helltaker: Artbook + Pancake Recipe,appinfo.vdf
1300620,解药公司: 救世行动,appinfo.vdf
1304150,MUSYNX - BGA PACKAGE,appinfo.vdf
1304510,SCP: Nine-Tailed Fox,appinfo.vdf
1304930,The Outlast Trials,appinfo.vdf
1310990,美少女万华镜 -理与迷宫的少女-,appinfo.vdf
1318690,shapez,appinfo.vdf
1322770,3DMark Storage Benchmark,appinfo.vdf
1325860,VTube Studio,appinfo.vdf
1326000,Sakura Succubus 2,appinfo.vdf
1329110,2ECONDS TO STΔRLIVHT: Forever My Diamond,appinfo.vdf
1329410,雀魂麻将(MahjongSoul),appinfo.vdf
1333350,Angel Legion: LSP Idle RPG,appinfo.vdf
1333360,Jerez's Arena,appinfo.vdf
1335790,Operation Tango,appinfo.vdf
1337970,CatTuber,appinfo.vdf
1340130,Aokana - EXTRA1,appinfo.vdf
1340140,DRACU-RIOT!,appinfo.vdf
1345860,Grapple Dog,appinfo.vdf
1347520,Yokai's Secret - HD Wallpaper Collection,appinfo.vdf
1348660,Country Pack - Hearts of Iron IV: Battle for the Bosporus,appinfo.vdf
1351170,東方催狐譚 ～ Servants of Harvest Wish,appinfo.vdf
1352140,VUP-Simulator,appinfo.vdf
1352740,DF-41 Simulator,appinfo.vdf
1353960,東方催狐譚 ～ Servants of Harvest Wish Soundtrack,appinfo.vdf
1354640,The Ditzy Demons Are in Love With Me - Fandisc,appinfo.vdf
1354670,Winter Polaris C97 Drama CD,appinfo.vdf
1354960,Dying Light - Volkan Combat Armor Bundle,appinfo.vdf
1356220,DJMAX RESPECT V - Deemo Pack,appinfo.vdf
1356221,DJMAX RESPECT V - Cytus Pack,appinfo.vdf
1361080,PrprLive - Live2D Animal Models,appinfo.vdf
1364390,Animaze,appinfo.vdf
1365730,BB Chicken,appinfo.vdf
1366540,Dyson Sphere Program,appinfo.vdf
1368860,像素女友,appinfo.vdf
1369320,Virtual Cottage,appinfo.vdf
1369630,ENDER LILIES: Quietus of the Knights,appinfo.vdf
1372830,Fantasy Tavern Sextet -Vol.1 New World Days-,appinfo.vdf
1375870,川建国同志想连任,appinfo.vdf
1377360,Vampires' Melody,appinfo.vdf
1377550,~在魔界当女仆~恶魔天使与勇者的秘密喫茶店,appinfo.vdf
1390190,APICO,appinfo.vdf
1391110,Steam Linux Runtime 2.0 (soldier),appinfo.vdf
1393420,TOKOYO: The Tower of Perpetuity,appinfo.vdf
1394270,SCP: Escape Together,appinfo.vdf
1402020,SCP: Labrat,appinfo.vdf
1406020,Sakura Succubus 3,appinfo.vdf
1406990,NEKOPARA Vol. 4,appinfo.vdf
1407700,Rock of Ages III: Make & Break Soundtrack,appinfo.vdf
1407701,Rock of Ages III: Make & Break Soundtrack (High Quality),appinfo.vdf
1416670,PC Building Simulator - AORUS Workshop,appinfo.vdf
1419480,Love's Sweet Garnish 2,appinfo.vdf
1420170,Proton 5.13,appinfo.vdf
1422650,Chicken Hill,appinfo.vdf
1423370,NOeSIS02-羽化,appinfo.vdf
1424660,9-nine-:Episode 4,appinfo.vdf
1425730,Gal*Gun Returns,appinfo.vdf
1426210,It Takes Two,appinfo.vdf
1426300,The Binding of Isaac: Repentance,appinfo.vdf
1426390,It Takes Two – Full Game Unlock,appinfo.vdf
1426490,LOST EPIC,appinfo.vdf
1432640,Devil May Cry 5 - Playable Character: Vergil,appinfo.vdf
1433270,SCP: Escape Together Dedicated Server,appinfo.vdf
1434240,Steam Game Festival,appinfo.vdf
1434280,Steam Game Festival: Developer Spotlight: Aeolis Tournament,appinfo.vdf
1434281,Steam Game Festival: Developer Spotlight: Backbone,appinfo.vdf
1434282,Steam Game Festival: Developer Spotlight: Bot Gaiden,appinfo.vdf
1434283,Steam Game Festival: Developer Spotlight: EXO ONE,appinfo.vdf
1434284,Steam Game Festival: Developer Spotlight: Duster,appinfo.vdf
1434285,Steam Game Festival: Developer Spotlight: Going Under,appinfo.vdf
1434286,Steam Game Festival: Developer Spotlight: Hundred Days,appinfo.vdf
1434287,Steam Game Festival: Developer Spotlight: Papetura,appinfo.vdf
1434288,Steam Game Festival: Developer Spotlight: Pillowheads,appinfo.vdf
1434289,Steam Game Festival: Developer Spotlight: Unto The End,appinfo.vdf
1434480,Maitetsu:Last Run!!,appinfo.vdf
1435710,Animaze Editor,appinfo.vdf
1438210,KovaaK's Tracking Trainer,appinfo.vdf
1439720,Steam Game Festival: NUTS,appinfo.vdf
1439721,Steam Game Festival: FAITH: The Unholy Trinity,appinfo.vdf
1439722,Steam Game Festival: EVERSPACE 2,appinfo.vdf
1439723,Steam Game Festival: Fights in Tight Spaces,appinfo.vdf
1439724,Steam Game Festival: Cyanide & Happiness - Freakpocalypse,appinfo.vdf
1439725,Steam Game Festival: Webbed,appinfo.vdf
1443010,Forza Horizon 4: 1979 Talbot Sunbeam Lotus,appinfo.vdf
1443011,Forza Horizon 4: 1967 Sunbeam Tiger,appinfo.vdf
1443015,Forza Horizon 4: 1938 MG TA Midget,appinfo.vdf
1443016,Forza Horizon 4: 2017 Koenigsegg Agera RS,appinfo.vdf
1443017,Forza Horizon 4: 2016 Honda Civic Coupe GRC,appinfo.vdf
1443018,Forza Horizon 4: 2018 Ford Deberti Design Mustang Fastback,appinfo.vdf
1443019,Forza Horizon 4: 2019 Porsche 911 Carrera S,appinfo.vdf
1443020,Forza Horizon 4: 1993 Porsche 968 Turbo S,appinfo.vdf
1443021,Forza Horizon 4: 2005 Honda NSX-R GT,appinfo.vdf
1443022,Forza Horizon 4: 1966 Hillman Imp,appinfo.vdf
1443023,Forza Horizon 4: 1968 Ford Mustang GT 2+2 Fastback,appinfo.vdf
1443024,Forza Horizon 4: Ford Transit,appinfo.vdf
1443025,Forza Horizon 4: 1959 Cadillac Eldorado Biarritz Convertible,appinfo.vdf
1443026,Forza Horizon 4: 2018 TVR Griffith,appinfo.vdf
1443027,Forza Horizon 4: 2019 BMW i8 Roadster,appinfo.vdf
1443028,Forza Horizon 4: 2002 Mazda RX-7 Spirit R Type-A,appinfo.vdf
1443029,Forza Horizon 4: 1962 Triumph TR3B,appinfo.vdf
1443040,Forza Horizon 4: 2010 Vauxhall Insignia VXR,appinfo.vdf
1443041,Forza Horizon 4: 2014 McLaren 650 Super Sport Spyder,appinfo.vdf
1443042,Forza Horizon 4: 1953 Jaguar C-Type,appinfo.vdf
1443043,Forza Horizon 4: 1974 Honda CivicRS,appinfo.vdf
1443044,Forza Horizon 4: 2018 Chevrolet Deberti Design DriftTruck,appinfo.vdf
1443045,Forza Horizon 4: 2018 Aston Martin Vantage,appinfo.vdf
1443046,Forza Horizon 4: 1965 Peel Trident,appinfo.vdf
1443047,Forza Horizon 4: 2018 Chevrolet Camaro ZL1 1LE,appinfo.vdf
1443048,Forza Horizon 4: 2019 Chevrolet Corvette ZR1,appinfo.vdf
1443049,Forza Horizon 4: 2018 Morgan Aero GT,appinfo.vdf
1443050,Forza Horizon 4: 1970 Triumph TR6 PI,appinfo.vdf
1443051,Forza Horizon 4: 2017 Ferrari GTC4Lusso,appinfo.vdf
1443052,Forza Horizon 4: 1972 Lamborghini Jarama S,appinfo.vdf
1443053,Forza Horizon 4: 1966 Volkswagen Double Cab Pick-Up,appinfo.vdf
1443054,Forza Horizon 4: 2018 Can-Am Maverick X3 X RS Turbo R,appinfo.vdf
1443055,Forza Horizon 4: 1929 Mercedes-Benz SSK,appinfo.vdf
1443056,Forza Horizon 4: 1985 Porsche #186 959 Paris-Dakar,appinfo.vdf
1443057,Forza Horizon 4: 2018 Nissan SentraNismo,appinfo.vdf
1443058,Forza Horizon 4: 2018 Alfa Romeo Stelvio Quadrifoglio,appinfo.vdf
1443059,Forza Horizon 4: 2005 Ferrari FXX,appinfo.vdf
1443060,Forza Horizon 4: 2004 Vauxhall VX220,appinfo.vdf
1443061,Forza Horizon 4: 1993 Hoonigan Ford Escort Cosworth Group A,appinfo.vdf
1443062,Forza Horizon 4: Lamborghini Gallardo LP570-4 Spyder Performante,appinfo.vdf
1443063,Forza Horizon 4: 1959 Porsche 356A Coupe,appinfo.vdf
1443064,Forza Horizon 4: 1963 Opel Kadett A,appinfo.vdf
1443065,Forza Horizon 4:  1977 Hoonigan Ford Gymkhana 10 F-150,appinfo.vdf
1443066,Forza Horizon 4: 2003 Honda S2000,appinfo.vdf
1443081,Forza Horizon 4: Formula Drift Car Pack,appinfo.vdf
1443082,Forza Horizon 4: Mitsubishi Car Pack,appinfo.vdf
1443083,Forza Horizon 4: Best of Bond Car Pack,appinfo.vdf
1443084,Forza Horizon 4: Barrett-Jackson Car Pack,appinfo.vdf
1443089,Forza Horizon 4: Welcome Pack,appinfo.vdf
1443090,Forza Horizon 4: VIP,appinfo.vdf
1443091,Forza Horizon 4: Fortune Island,appinfo.vdf
1443092,Forza Horizon 4: LEGO® Speed Champions,appinfo.vdf
1443093,Forza Horizon 4: Car Pass,appinfo.vdf
1444480,Turing Complete,appinfo.vdf
1446780,MONSTER HUNTER RISE,appinfo.vdf
1447430,小黑盒加速器,appinfo.vdf
1448440,Wo Long: Fallen Dynasty,appinfo.vdf
1449850,Yu-Gi-Oh!  Master Duel,appinfo.vdf
1451460,Dead Cells: Fatal Falls,appinfo.vdf
1451940,NEEDY GIRL OVERDOSE,appinfo.vdf
1452490,Oxygen Not Included - Spaced Out!,appinfo.vdf
1461770,Fantasy Tavern Sextet -Vol.2 Adventurer's Days-,appinfo.vdf
1463920,hexceed,appinfo.vdf
1466690,Sakura Succubus 4,appinfo.vdf
1469910,Slobbish Dragon Princess,appinfo.vdf
1470110,Who's Your Daddy Playtest,appinfo.vdf
1472250,ROG CITADEL XV,appinfo.vdf
1472780,Plague Inc: The Cure,appinfo.vdf
1475730,Unity Chan And Cube World!!,appinfo.vdf
1475810,Ghostwire: Tokyo,appinfo.vdf
1476970,Legends of Idleon MMO,appinfo.vdf
1477070,Depersonalization,appinfo.vdf
1478160,咸鱼喵喵,appinfo.vdf
1478510,LOST EPIC MINI SOUNDTRACK,appinfo.vdf
1479030,2ECONDS TO STΔRLIVHT: My Heart's Reflection,appinfo.vdf
1481400,Dagon,appinfo.vdf
1483870,Draw & Guess,appinfo.vdf
1484220,~Be a maid in the Demon World~ - 18+ Adult Only Content,appinfo.vdf
1487270,Last Command,appinfo.vdf
1489410,Alice Escaped!,appinfo.vdf
1490410,The fairy tale you don't know,appinfo.vdf
1493710,Proton Experimental,appinfo.vdf
1494730,"Not for Broadcast: Lights, Camera, Lockdown",appinfo.vdf
1495710,Cyberpunk 2077 Bonus Content,appinfo.vdf
1498800,3DMark Mesh Shader feature test,appinfo.vdf
1498801,3DMark Sampler Feedback feature test,appinfo.vdf
1504170,Nekoview-dragon girls,appinfo.vdf
1504980,It Takes Two Friend's Pass,appinfo.vdf
1507060,Unity Chan And Cube World!! Demo,appinfo.vdf
1507720,Märchen Forest,appinfo.vdf
1507970,文字遊戲：第零章,appinfo.vdf
1511780,Last Call BBS,appinfo.vdf
1512940,Malody V,appinfo.vdf
1516240,Mitoza,appinfo.vdf
1516430,It Takes Two Friend's Pass - Key,appinfo.vdf
1518770,Re: LieF ~ Shin'ainaru Anata e~,appinfo.vdf
1519710,SCHiM,appinfo.vdf
1522320,Nyanco Desktop Mascot,appinfo.vdf
1523390,Fantasy Tavern Sextet -Vol.3 Postlude Days-,appinfo.vdf
1524890,Dying Light - Ox Warrior Bundle,appinfo.vdf
1526050,Nyanco Desktop Mascot : Nyanco-chan,appinfo.vdf
1526051,Nyanco Desktop Mascot : Nyanco-san,appinfo.vdf
1526052,Nyanco Desktop Mascot : Nitori-UNK,appinfo.vdf
1527850,Firework Original Soundtrack,appinfo.vdf
1528540,Holy Whore Emily,appinfo.vdf
1532190,Halo: CE Mod Tools - MCC,appinfo.vdf
1534440,Nyanco Desktop Mascot : Nyanco-pet,appinfo.vdf
1536120,Blueberry,appinfo.vdf
1538740,Control - The Foundation,appinfo.vdf
1538741,Control - AWE,appinfo.vdf
1546320,Your Chronicle,appinfo.vdf
1546970,Grand Theft Auto III - The Definitive Edition,appinfo.vdf
1546990,Grand Theft Auto: Vice City - The Definitive Edition,appinfo.vdf
1547000,Grand Theft Auto: San Andreas - The Definitive Edition,appinfo.vdf
1551360,Forza Horizon 5,appinfo.vdf
1559760,Island Diary,appinfo.vdf
1561363,ACE COMBAT™7: SKIES UNKNOWN - FB-22 Strike Raptor Set,appinfo.vdf
1567800,星空列车与白的旅行,appinfo.vdf
1575970,Tuesday JS visual novel engine,appinfo.vdf
1577620,The Signal State,appinfo.vdf
1580050,Dead Cells: The Queen and the Sea,appinfo.vdf
1580130,Proton 6.3,appinfo.vdf
1584090,东方夜雀食堂 - Touhou Mystia's Izakaya,appinfo.vdf
1585220,Melatonin,appinfo.vdf
1591490,Distant Memoraĵo,appinfo.vdf
1591920,PC Building Simulator - EVGA Workshop,appinfo.vdf
1593500,God of War,appinfo.vdf
1599030,Dying Light - Rust Weapon Pack,appinfo.vdf
1601280,Potato Flowers in Full Bloom,appinfo.vdf
1603980,"If On A Winter's Night, Four Travelers",appinfo.vdf
1604380,常轨脱离Creative,appinfo.vdf
1609270,東方恋迷跡: 妖怪伝説と幻想の旅 ~ Touhou Koi-Mystery: Legend and Fantasy of Monsters,appinfo.vdf
1613280,Forza Horizon 5: Hot Wheels,appinfo.vdf
1613281,Forza Horizon 5 Rally Adventure,appinfo.vdf
1613282,Forza Horizon 5 Formula Drift Pack,appinfo.vdf
1613283,Forza Horizon 5 VIP Membership,appinfo.vdf
1613284,Forza Horizon 5 Welcome Pack,appinfo.vdf
1613450,Halo 2 Mod Tools - MCC,appinfo.vdf
1619300,Subnautica Soundtrack,appinfo.vdf
1620110,Slobbish Dragon Princess LOVE+PLUS,appinfo.vdf
1621690,Core Keeper,appinfo.vdf
1623730,Palworld,appinfo.vdf
1625230,NOeSIS Ⅱ-人间无常「重置版」,appinfo.vdf
1625400,shapez - Puzzle DLC,appinfo.vdf
1628350,Steam Linux Runtime 3.0 (sniper),appinfo.vdf
1630570,EXS1～EthnologySister：Cultural functionalism,appinfo.vdf
1632840,Nyanco Desktop Mascot : Nyanco-VTuber,appinfo.vdf
1635560,Dota 2 - Short Film 2021,appinfo.vdf
1637370,Letters From a Rainy Day -Oceans and Lace-,appinfo.vdf
1639930,Last Days,appinfo.vdf
1642260,Kimagure Temptation,appinfo.vdf
1642950,PC Building Simulator - Fractal Design Workshop,appinfo.vdf
1648020,Forza Horizon 5 Car Pass,appinfo.vdf
1650420,Assassin’s Creed IV Black Flag - Gold Uplay activation,appinfo.vdf
1651180,Nekoview-user's manual & archive,appinfo.vdf
1654370,3DMark CPU Profile benchmarks,appinfo.vdf
1664490,飞火动态壁纸,appinfo.vdf
1664510,东方恋迷踪: 妖怪传说与幻想之旅 ~ Touhou Koi-Mystery: Legend and Fantasy of Monsters Demo,appinfo.vdf
1664670,重构,appinfo.vdf
1667700,Geometry Arena 2,appinfo.vdf
1668940,崩坏3,appinfo.vdf
1669980,Volcano Princess,appinfo.vdf
1671210,DELTARUNE,appinfo.vdf
1671350,幻想乡妖怪塔防 ~ Touhou Monster TD,appinfo.vdf
1675200,Steam Deck,appinfo.vdf
1680000,Rewrite+,appinfo.vdf
1680020,巫女契约,appinfo.vdf
1680030,巫女契约 Playtest,appinfo.vdf
1682230,Cyber Manhunt - Home Sweet Home,appinfo.vdf
1683430,冥婚交友中心《厲鬼的戀愛指南》,appinfo.vdf
1684100,幻恋の夜宴: ハルーシサノバこいし ~ Halluci-Sabbat of Koishi,appinfo.vdf
1687950,Persona 5 Royal,appinfo.vdf
1690940,DELTARUNE (Chapter 1 & 2 DEMO),appinfo.vdf
1691440,地霊需氧量 ~ Gaia Organism Demand,appinfo.vdf
1694200,Dragon And Home,appinfo.vdf
1695790,Halo 2 Anniversary MP Mod Tools - MCC,appinfo.vdf
1695791,Halo 3 Mod Tools - MCC,appinfo.vdf
1695792,Halo 4 Mod Tools - MCC,appinfo.vdf
1695793,Halo: Reach Mod Tools - MCC,appinfo.vdf
1695794,Halo 3: ODST Mod Tools - MCC,appinfo.vdf
1695795,Halo MCC Mod Uploader,appinfo.vdf
1698960,Project Kat - Paper Lily Prologue,appinfo.vdf
1700220,东方远空界 ~ Ultimate Vitality of Imagination,appinfo.vdf
1715460,东方冰之勇者记：序章,appinfo.vdf
1716750,Ubisoft Connect PC Client,appinfo.vdf
1723070,Potato Flowers in Full Bloom Demo Version,appinfo.vdf
1726000,Awaken - Astral Blade Demo,appinfo.vdf
1732180,怠惰的怪獸公主不想工作,appinfo.vdf
1732740,Sakura Hime,appinfo.vdf
1735670,rote² (roteSquare),appinfo.vdf
1738710,SCP: Observer,appinfo.vdf
1740100,At Home Alone Final,appinfo.vdf
1743080,Night Cascades,appinfo.vdf
1744570,U-ena -遠花火の少女-,appinfo.vdf
1745620,The Oath of The Dark Magic Queen,appinfo.vdf
1747950,Rebel Inc: Escalation - Dollars & Disasters,appinfo.vdf
1751630,Hello Lady! - Complete Edition,appinfo.vdf
1752150,Slobbish Dragon Princess 2,appinfo.vdf
1761390,Hatsune Miku: Project DIVA Mega Mix+,appinfo.vdf
1764060,Forza Horizon 5 2019 SUBARU STI S209,appinfo.vdf
1764061,Forza Horizon 5 1967 Renault 8 Gordini,appinfo.vdf
1764062,Forza Horizon 5 1970 Mercury Cyclone Spoiler,appinfo.vdf
1764063,Forza Horizon 5 Premium VIP,appinfo.vdf
1764390,BAD END THEATER,appinfo.vdf
1768880,KAMIMAHOU,appinfo.vdf
1770090,Maitetsu:Last Run!! Special Song Collection,appinfo.vdf
1771300,Kingdom Come: Deliverance II,appinfo.vdf
1771790,与神相伴的末日 Soundtrack,appinfo.vdf
1776090,PUBG legacy rewards,appinfo.vdf
1776400,Shikkoku no Sharnoth,appinfo.vdf
1776970,Tsuki ni Yorisou Otome no Sahou,appinfo.vdf
1777420,Sakura Hime - 18+ Adult Only Content,appinfo.vdf
1778330,Succubus Girl,appinfo.vdf
1782380,SCP: Containment Breach Multiplayer,appinfo.vdf
1787090,MyDockFinder,appinfo.vdf
1788850,你已经猜到结局了吗,appinfo.vdf
1789650,NEKO-MIMI SWEET HOUSEMATES Vol. 1,appinfo.vdf
1790230,Wallpaper Engine - Editor Extensions,appinfo.vdf
1790530,THTD Mod Uploader,appinfo.vdf
1791590,Sunset Hills,appinfo.vdf
1791610,东方秘剑录,appinfo.vdf
1793250,帶我去地下城吧！！,appinfo.vdf
1794320,SaiIn Rhythm,appinfo.vdf
1794780,SiNiSistar,appinfo.vdf
1795430,Sakura Succubus 5,appinfo.vdf
1796170,Bunny eShop - The Art of the Game,appinfo.vdf
1798680,Forza Horizon 5 Expansions Bundle,appinfo.vdf
1799420,ELDEN RING Bonus Gesture,appinfo.vdf
1801280,SCP: CB Multiplayer Dedicated Server,appinfo.vdf
1810290,HUAWEI VR Glass 6DoF Driver,appinfo.vdf
1810820,Etrian Odyssey III HD,appinfo.vdf
1811500,LOOPERS,appinfo.vdf
1812150,Forza Horizon 5 2017 Ferrari J50,appinfo.vdf
1812151,Forza Horizon 5 2019 Ferrari Monza SP2,appinfo.vdf
1812152,Forza Horizon 5 1979 Lamborghini Espada 400 GT,appinfo.vdf
1812153,Forza Horizon 5 2020 Lamborghini Huracán EVO,appinfo.vdf
1812820,Bitburner,appinfo.vdf
1817070,Marvel’s Spider-Man Remastered,appinfo.vdf
1820130,Tricolour Lovestory -Complete Edition-,appinfo.vdf
1824140,Forza Horizon 5 1966 Jaguar XJ13,appinfo.vdf
1824141,Forza Horizon 5 1993 Jaguar XJ220S,appinfo.vdf
1824142,Forza Horizon 5 Ferrari 2018 FXX-K Evo,appinfo.vdf
1824143,Forza Horizon 5 2018 Audi TT RS,appinfo.vdf
1826330,Proton EasyAntiCheat Runtime,appinfo.vdf
1829650,Sekai to Sekai no Mannaka de,appinfo.vdf
1829980,Cafe Stella,appinfo.vdf
1837230,Jerez's Arena II,appinfo.vdf
1838750,东方夜雀食堂DLC1扩展包 - 魔法森林&妖怪山,appinfo.vdf
1839960,Dead End Aegis: Gaiden,appinfo.vdf
1840550,Cyber Manhunt - Hello World,appinfo.vdf
1843020,DJMAX RESPECT V - V EXTENSION II PACK,appinfo.vdf
1846790,Forza Horizon 5 2010 Porsche 911 SC,appinfo.vdf
1846791,Forza Horizon 5 1992 Mazda 323 GT-R,appinfo.vdf
1846792,Forza Horizon 5 2005 MG SV-R,appinfo.vdf
1849570,恋~一些小清新的猎奇故事~,appinfo.vdf
1851210,Strinova Demo,appinfo.vdf
1852270,The Heroes around Me Demo,appinfo.vdf
1852790,Forza Horizon 5 2021 VW Golf R,appinfo.vdf
1854980,Madohi Shiroki no Kamikakushi,appinfo.vdf
1856480,KamiYaba: Destiny on a Dicey Deadline,appinfo.vdf
1856600,Rewrite Harvest festa!,appinfo.vdf
1868140,DAVE THE DIVER,appinfo.vdf
1868170,Etrian Odyssey II HD,appinfo.vdf
1868180,Etrian Odyssey HD,appinfo.vdf
1870310,Doomsday Robot Girl,appinfo.vdf
1871750,Camp Focus,appinfo.vdf
1874900,Arma Reforger Server,appinfo.vdf
1877380,Steam Cloud - Crash Dumps,appinfo.vdf
1880330,Sanfu,appinfo.vdf
1883260,Little Noah: Scion of Paradise,appinfo.vdf
1885690,Virtual Circuit Board,appinfo.vdf
1887560,Fjordur - ARK Expansion Map,appinfo.vdf
1887720,Proton 7.0,appinfo.vdf
1888930,The Last of Us™ Part I,appinfo.vdf
1890120,9-nine-:NewEpisode,appinfo.vdf
1890180,Forza Horizon 5 1986 Ford Mustang SVO,appinfo.vdf
1890181,Forza Horizon 5 2020 Toyota Tundra TRD,appinfo.vdf
1890182,Forza Horizon 5 2006 Noble M400,appinfo.vdf
1890183,Forza Horizon 5 2017 #25 Ferrari 488,appinfo.vdf
1891640,AZUR BEAM,appinfo.vdf
1891700,Tap Ninja,appinfo.vdf
1894080,I got a millenary cat,appinfo.vdf
1895920,白晓,appinfo.vdf
1896300,ELDEN RING Digital Artbook & Original Soundtrack,appinfo.vdf
1896320,ELDEN RING Adventure Guide,appinfo.vdf
1899670,RGL/SC,appinfo.vdf
1900260,虚拟主播模拟器 测试版,appinfo.vdf
1902690,Fate/Samurai Remnant,appinfo.vdf
1903370,daydream 白日夢,appinfo.vdf
1905180,OBS Studio,appinfo.vdf
1910130,Qwilight,appinfo.vdf
1918770,SaiIn Soundtrack,appinfo.vdf
1919260,Forza Horizon 5 1966 Toronado,appinfo.vdf
1919261,Forza Horizon 5 2021 McLaren 620R,appinfo.vdf
1919262,Forza Horizon 5 2021 MINI JCW GP,appinfo.vdf
1919263,Forza Horizon 5 2019 Porsche 911 Speedster,appinfo.vdf
1920960,VPet,appinfo.vdf
1921440,BAD END THEATER art collection,appinfo.vdf
1927110,东方夜雀食堂DLC2扩展包 - 旧地狱街道&地灵殿,appinfo.vdf
1928870,Minecraft Legends,appinfo.vdf
1933390,Rain World: Downpour,appinfo.vdf
1938470,ROG CITADEL XV - SCAR runner,appinfo.vdf
1939100,Go Home Annie: An SCP Game,appinfo.vdf
1942120,The Complex: Found Footage,appinfo.vdf
1942280,Brotato,appinfo.vdf
1943950,Escape the Backrooms,appinfo.vdf
1944250,Hana no No ni Saku Utakata no,appinfo.vdf
1948280,Stacklands,appinfo.vdf
1949470,Forza Horizon 5 2003 Ford Lightning,appinfo.vdf
1949471,Forza Horizon 5 2014 SafariZ 370Z,appinfo.vdf
1949472,Forza Horizon 5 2019 Toyota Tacoma,appinfo.vdf
1949473,Forza Horizon 5 2008 Dodge Magnum,appinfo.vdf
1949474,Forza Horizon 5 2020 BMW M8 Comp,appinfo.vdf
1949475,Forza Horizon 5 2020 Audi RS 3,appinfo.vdf
1949476,Forza Horizon 5 2018 Audi RS 5,appinfo.vdf
1949477,Forza Horizon 5 1982 VW Pickup,appinfo.vdf
1950450,Loop Queen-Escape Dungeon 3,appinfo.vdf
1950570,イハナシの魔女,appinfo.vdf
1954420,麻雀一番街 ,appinfo.vdf
1955830,Touhou Hero of Ice Fairy,appinfo.vdf
1958170,DJMAX RESPECT V - Muse Dash PACK,appinfo.vdf
1958220,WitchSpring R - The Story of Pieberry,appinfo.vdf
1961390,Sakura Succubus 6,appinfo.vdf
1961760,My Girlfriend’s Special Place,appinfo.vdf
1961950,CHAOS;HEAD NOAH,appinfo.vdf
1962430,Monochrome Mobius: Rights and Wrongs Forgotten,appinfo.vdf
1963720,Core Keeper Dedicated Server,appinfo.vdf
1964480,Yami RPG Editor,appinfo.vdf
1965580,The Last Secret,appinfo.vdf
1966070,～Daydream～蝶が舞う頃に,appinfo.vdf
1969870,生死狙击2,appinfo.vdf
1972190,Animal Trail ☆ Girlish Square,appinfo.vdf
1973530,Limbus Company,appinfo.vdf
1973710,ヘブンバーンズレッド,appinfo.vdf
1975440,Under The Waves,appinfo.vdf
1977700,BNET Key,appinfo.vdf
1977740,My Little Sister's Special Place,appinfo.vdf
1984350,打工吧！天使酱 ~天使在魔界的劳改生活~,appinfo.vdf
1985250,memoir,appinfo.vdf
1985260,Kinkoi Golden Time,appinfo.vdf
1987080,Inside the Backrooms,appinfo.vdf
1988630,佩尔霍宁,appinfo.vdf
1988940,からぱりうぉーず,appinfo.vdf
1990590,Nightmare Hunter,appinfo.vdf
1996210,Sakura Hime 3,appinfo.vdf
1997460,Demon Maiden and Slave Summoning,appinfo.vdf
1998450,Black & White,appinfo.vdf
1998530,Yoiyami Dancers: Twilight Danmaku Dancers,appinfo.vdf
2001120,Split Fiction,appinfo.vdf
2001970,Raspberry Cube,appinfo.vdf
2002010,My Academy's Special Place,appinfo.vdf
2009240,生死狙击2 Test Server,appinfo.vdf
2013600,Forza Horizon 5 2021 Aston Martin DBX,appinfo.vdf
2013620,Forza Horizon 5 2020 Lexus RC F,appinfo.vdf
2013621,Forza Horizon 5 2019 Nissan 370Z Nismo,appinfo.vdf
2018640,我的猫娘恋人 My Cat Girl Lover,appinfo.vdf
2018930,Sakura Gym Girls: Prologue,appinfo.vdf
2019730,3DMark Speed Way upgrade,appinfo.vdf
2019830,The Backroom - Lost and Found,appinfo.vdf
2021710,Sakura Succubus 7,appinfo.vdf
2022290,Amairo Chocolate 2,appinfo.vdf
2026520,东方异乡录 ~the Apocryphal Gensoukyou,appinfo.vdf
2028850,Bioshock Infinite: Columbia's Finest,appinfo.vdf
2050650,Resident Evil 4,appinfo.vdf
2052430,Circles EP: Frostpunk Edition,appinfo.vdf
2053530,DualSense Firmware Manifest,appinfo.vdf
2057080,Resonance of the Ocean,appinfo.vdf
2060160,The Farmer Was Replaced,appinfo.vdf
2060310,Cyberpunk 2077 REDmod,appinfo.vdf
2062210,Watamari Part1 - A Match Made in Heaven,appinfo.vdf
2064650,Tower of Fantasy,appinfo.vdf
2066360,Yumahorome ~Toki o Tometa Yakata de Asu o Sagasu Maigo-tachi~,appinfo.vdf
2069830,「恋～清楚系猟奇物語～」日本語 playtest,appinfo.vdf
2070850,Sakura Hime 4,appinfo.vdf
2073620,Arena Breakout: Infinite,appinfo.vdf
2076290,迷鹿：Terreno di caccia,appinfo.vdf
2077180,SCP: Daybreak,appinfo.vdf
2078120,Hot And Lovely 5,appinfo.vdf
2078180,Hot And Lovely 5 - adult patch,appinfo.vdf
2081460,Breeze,appinfo.vdf
2083110,Marvel's Spider-Man Remastered - Pre-purchase Entitlements,appinfo.vdf
2084970,Etheria: Restart,appinfo.vdf
2091250,旅行こいし: デスクトップ少女 ~ Koishi Navigation Desktop Youkai,appinfo.vdf
2091630,EXS2～EthnologySister2：Structuralism of kinship system,appinfo.vdf
2093610,HAPPY SAIN† SHEOL,appinfo.vdf
2093620,HAPPY SAIN†SHEOL Demo,appinfo.vdf
2093940,vivid/stasis,appinfo.vdf
2094190,苍白花树繁茂之时Blood Flowers,appinfo.vdf
2095551,打工吧！天使酱 - 常见问题&攻略书,appinfo.vdf
2103330,CHAOS;HEAD NOAH - COSTUME DLC,appinfo.vdf
2106850,Sakura Hime 3 - 18+ Adult Only Content,appinfo.vdf
2109640,Cross Concerto,appinfo.vdf
2114460,Rebel Inc: Escalation - Sand & Secrets,appinfo.vdf
2114740,Blasphemous 2,appinfo.vdf
2122050,东方夜雀食堂DLC2.5扩展包 - 爱乐者的挑战赛！,appinfo.vdf
2135690,提西探险社,appinfo.vdf
2137560,Reimus Awesome Holiday,appinfo.vdf
2138000,Hoshizora no Memoria -Eternal Heart- HD,appinfo.vdf
2138330,Cyberpunk 2077: Phantom Liberty,appinfo.vdf
2138350,双相,appinfo.vdf
2143680,梦灯花,appinfo.vdf
2146150,Animaze Editor for Animaze Plus/Pro 22,appinfo.vdf
2149010,Little Nightmares Enhanced Edition,appinfo.vdf
2151750,NOeSIS-诉说谎言的记忆之物语 （超高清FHD版）,appinfo.vdf
2155310,风色旅人,appinfo.vdf
2156620,Future Radio,appinfo.vdf
2157560,Granblue Fantasy Versus: Rising,appinfo.vdf
2158500,捉妖物语2,appinfo.vdf
2161440,风帆纪元 Sailing Era,appinfo.vdf
2162800,shapez 2 - Factory,appinfo.vdf
2165710,The Splintered Sea,appinfo.vdf
2165890,Watamari - A Match Made in Heaven Part1 - Kemomimi Patch,appinfo.vdf
2167580,Summoners War: Chronicles,appinfo.vdf
2168610,雨にして人を外れ,appinfo.vdf
2169140,CantEscapeTheBackrooms,appinfo.vdf
2169830,How a Retired Strategist Saved the Country,appinfo.vdf
2171340,Last Command - Scream Fest pack,appinfo.vdf
2178380,SCP – Containment Breach,appinfo.vdf
2179300,Blades of Jianghu: Ballad of Wind and Dust,appinfo.vdf
2180100,Proton Hotfix,appinfo.vdf
2180320,旅行恋恋Art Book: 恋恋下午茶喂养指南,appinfo.vdf
2182450,Fairy Girl,appinfo.vdf
2185770,Aonatsu Line,appinfo.vdf
2187940,Minecraft Legends Deluxe DLC,appinfo.vdf
2190220,Touhou Danmaku Kagura Phantasia Lost,appinfo.vdf
2191940,Fairy Girl 18+ Adult Only Content,appinfo.vdf
2191950,东方夜雀食堂DLC3扩展包 - 命莲寺&神灵庙,appinfo.vdf
2194530,Yog-Sothoth's Yard,appinfo.vdf
2198150,Tiny Glade,appinfo.vdf
2205890,Wo Long: Fallen Dynasty Baihu Armor,appinfo.vdf
2205891,Wo Long: Fallen Dynasty Zhuque Armor,appinfo.vdf
2205892,Wo Long: Fallen Dynasty Qinglong Armor,appinfo.vdf
2205893,Wo Long: Fallen Dynasty Season Pass,appinfo.vdf
2205894,Wo Long: Fallen Dynasty Battle of Zhongyuan,appinfo.vdf
2205895,Wo Long: Fallen Dynasty Conqueror of Jiangdong,appinfo.vdf
2205896,Wo Long: Fallen Dynasty Upheaval in Jingxiang,appinfo.vdf
2206340,Aokana - EXTRA2,appinfo.vdf
2207540,时间切片：序章,appinfo.vdf
2211170,Unrailed 2: Back on Track,appinfo.vdf
2220360,Paper Lily - Chapter 1,appinfo.vdf
2224340,Sailing Era: Adventure of 2233,appinfo.vdf
2225250,Slobbish Dragon Princess 3,appinfo.vdf
2230260,Proton Next,appinfo.vdf
2230650,TEVI,appinfo.vdf
2231770,Resident Evil 4 Chainsaw Demo,appinfo.vdf
2232890,Wo Long: Fallen Dynasty Digital Art Book & Digital Mini Soundtrack,appinfo.vdf
2235610,Sakura Mirror,appinfo.vdf
2240710,Sakura Mirror 18+ Adult Only Content,appinfo.vdf
2241030,Don't Starve Together: Starter Pack 2023,appinfo.vdf
2241890,提西探险社-角色设定集&插画集,appinfo.vdf
2242710,Koi x Shin Ai Kanojo,appinfo.vdf
2243100,幻想乡之玉,appinfo.vdf
2245240,Creativerse - The Definitive Edition,appinfo.vdf
2250680,WitchSpring R Demo,appinfo.vdf
2255880,NEKOPARA Extra - NEKOPARA OVA Extra,appinfo.vdf
2257840,斗技场物语～盗贼与姬骑士篇～,appinfo.vdf
2260920,NEKOPARA Extra - NEKOPARA OVA,appinfo.vdf
2261800,SCP: Labrat Dedicated Server,appinfo.vdf
2269860,风与鸟 - Wind and Bird,appinfo.vdf
2273430,BlazBlue Entropy Effect,appinfo.vdf
2274630,Bunny eShop - The After Story,appinfo.vdf
2278630,Livestream 2: Escape from Togaezuka Happy Place,appinfo.vdf
2279720,Counter-Strike 2 (Limited Test),appinfo.vdf
2279721,Counter-Strike 2 Workshop Tools,appinfo.vdf
2282670,捉妖物语2 - 五个新角色大礼包 (Monster girl 2 - 5 new characters bonus),appinfo.vdf
2285550,Doloc Town,appinfo.vdf
2286780,Aeruta,appinfo.vdf
2288080,Maumau and the Labyrinth,appinfo.vdf
2289720,Kaiju Princess 2,appinfo.vdf
2301720,Arena Story 18+ Adult Only Content,appinfo.vdf
2302530,MementoMori: AFKRPG,appinfo.vdf
2305370,Eastward - Octopia,appinfo.vdf
2307310,犹格索托斯的庭院-炼金旅社YOG-SOTHOTH’S YARD Demo,appinfo.vdf
2313130,异世界的城主大人,appinfo.vdf
2313300,3DMark Solar Bay,appinfo.vdf
2315040,火炬之光：无限,appinfo.vdf
2321180,SHUFFLE! Episode 2 ~Kami ni mo Akuma ni mo Nerawareteiru Otoko~,appinfo.vdf
2325290,Sky: Children of the Light,appinfo.vdf
2325310,幻想乡：有罪推定~夜明前的三色堇,appinfo.vdf
2327480,Backrooms: Realm of Shadows,appinfo.vdf
2336220,Feed The Cups,appinfo.vdf
2346410,Border Pioneer,appinfo.vdf
2346500,Desert Island in Summer?,appinfo.vdf
2348590,Proton 8.0,appinfo.vdf
2349820,Hero's Land,appinfo.vdf
2350390,Neko Office: Nightlife Adventures,appinfo.vdf
2356470,Lost Chapter,appinfo.vdf
2358720,Black Myth: Wukong,appinfo.vdf
2361400,HEAVEN SEEKER Prologue,appinfo.vdf
2366140,Black & White Soundtrack,appinfo.vdf
2370820,NSFW Content - Neko Office: Nightlife Adventures,appinfo.vdf
2371090,Steam Game Notes,appinfo.vdf
2374590,Sugar Sweet Temptation,appinfo.vdf
2391780,Hime's Blossom,appinfo.vdf
2394010,Palworld Dedicated Server,appinfo.vdf
2399220,NUKITASHI,appinfo.vdf
2399330,东方夜雀食堂DLC4扩展包 - 太阳花田&辉针城,appinfo.vdf
2399331,东方夜雀食堂DLC5扩展包 - 月都&魔界,appinfo.vdf
2399490,RPG Paper Maker - Harvest Seasons Assets Pack,appinfo.vdf
2399500,RPG Paper Maker - Harvest Seasons Musics Pack,appinfo.vdf
2399700,荷莱Horae,appinfo.vdf
2401890,Sailing Era: Edge of the World,appinfo.vdf
2403320,冬日树下的回忆,appinfo.vdf
2406770,Bodycam,appinfo.vdf
2407210,Fate/Samurai Remnant - Bonus Equipment: Hallowed Relic Sword Mountings,appinfo.vdf
2407970,RPG Paper Maker - Harvest Seasons Complete Resources Pack,appinfo.vdf
2410180,Portal: Prelude RTX,appinfo.vdf
2414750,风岬-The Everlasting lovestory at the Windcap,appinfo.vdf
2417760,Last Command: B-Side,appinfo.vdf
2418330,NSFW Content - Hime's Blossom,appinfo.vdf
2420510,HoloCure - Save the Fans!,appinfo.vdf
2423450,Backrooms: Realm of Shadows Soundtracks,appinfo.vdf
2426930,Fate/Samurai Remnant Digital Artbook & Soundtrack,appinfo.vdf
2429020,Kingdom Come: Deliverance II Modding tools,appinfo.vdf
2429860,Living With Sister: Monochrome Fantasy,appinfo.vdf
2430690,幸运草的约定,appinfo.vdf
2432100,ONE.,appinfo.vdf
2432110,WHITE ALBUM,appinfo.vdf
2436940,Sephiria,appinfo.vdf
2439560,Alice's World,appinfo.vdf
2439760,要来点百合吗 Love Yuri,appinfo.vdf
2442230,Brave Nine,appinfo.vdf
2442400,Sex doll came to Life,appinfo.vdf
2448980,提西探险社：春日女王,appinfo.vdf
2458530,魔女的夜宴,appinfo.vdf
2470300,Hookah Haze,appinfo.vdf
2476690,ARIE: Moonprayer,appinfo.vdf
2479720,斗牌魂,appinfo.vdf
2483190,Forza Horizon 6,appinfo.vdf
2486750,Beecarbonize,appinfo.vdf
2486820,Sonic Racing: CrossWorlds,appinfo.vdf
2487490,Sakura Succubus 8,appinfo.vdf
2494220,Fate/Samurai Remnant Season Pass,appinfo.vdf
2494230,"Fate/Samurai Remnant - Additional Episode 1 ""Record's Fragment: Keian Command Championship""",appinfo.vdf
2494240,"Fate/Samurai Remnant - Additional Episode 2 ""Record's Fragment: Yagyu Sword Chronicles""",appinfo.vdf
2494250,"Fate/Samurai Remnant - Additional Episode 3 ""Record's Fragment: Bailong and the Crimson Demon""",appinfo.vdf
2495690,咸鱼喵喵 设定集,appinfo.vdf
2497040,东方雪人战争-TouhouSnowClash,appinfo.vdf
2498480,Milthm,appinfo.vdf
2505930,Sanfu Original Soundtrack,appinfo.vdf
2507560,Type-NOISE:ShonenShojo,appinfo.vdf
2510770,Stella of The End,appinfo.vdf
2510810,Making＊Lovers CN Edition,appinfo.vdf
2514630,Marisa of Liartop Mountain,appinfo.vdf
2525120,鈴集無名の丘 ～ Little Doll Queen.,appinfo.vdf
2527450,Nie No Hakoniwa,appinfo.vdf
2527460,Arcana Alchemia,appinfo.vdf
2527500,MiSide,appinfo.vdf
2529520,Magical Girl Konoha,appinfo.vdf
2530380,DJMAX RESPECT V - MapleStory PACK,appinfo.vdf
2532050,Vampires' Melody 2,appinfo.vdf
2532230,SCP: Nemesi,appinfo.vdf
2532800,鈴集無名の丘 ～ Little Doll Queen. Soundtrack,appinfo.vdf
2536720,U.V.S. Nirmana,appinfo.vdf
2546310,Sandtrix+,appinfo.vdf
2546970,冬日树下的回忆AFTER,appinfo.vdf
2547610,走れ！クレアちゃん,appinfo.vdf
2551500,巫兎 - KANNAGI USAGI -,appinfo.vdf
2555950,Million Depth,appinfo.vdf
2567190,Otome Riron to Sono Shuuhen -École de Paris-,appinfo.vdf
2567870,Chained Together,appinfo.vdf
2580190,PlayStation®VR2 App,appinfo.vdf
2580210,SCP: Rulebreaker,appinfo.vdf
2581050,神椿市協奏中。,appinfo.vdf
2582920,Volcano Princess - Official Picture Package,appinfo.vdf
2583430,Alice in the Nightmare Land,appinfo.vdf
2584990,Shadowverse: Worlds Beyond,appinfo.vdf
2589200,Budget Backrooms,appinfo.vdf
2593370,The Hungry Lamb: Traveling in the Late Ming Dynasty,appinfo.vdf
2594920,Atelier Resleriana: Forgotten Alchemy and the Polar Night Liberator,appinfo.vdf
2595860,Hitler is my crush,appinfo.vdf
2596140,PAYDAY 2: IP Content ,appinfo.vdf
2597460,异常情绪回收组,appinfo.vdf
2601700,Animal Trail ☆ Girlish Square LOVE+PLUS,appinfo.vdf
2601750,Animal Trail ☆ Girlish Square 2,appinfo.vdf
2607350,VPet - PCat,appinfo.vdf
2612680,Cureocity,appinfo.vdf
2614070,NUKITASHI 2,appinfo.vdf
2622000,Astral Party ,appinfo.vdf
2627780,DATE A LIVE: Ren Dystopia,appinfo.vdf
2633870,KovaaK's Anime Pack,appinfo.vdf
2639250,VPet - ModMaker,appinfo.vdf
2642660,末日战姬,appinfo.vdf
2644210,Margarita (Berkeley's Maid: Remake Edition),appinfo.vdf
2644470,PICO PARK 2,appinfo.vdf
2646640,Lost Chapter -With You-,appinfo.vdf
2650590,Endless Forest Dream,appinfo.vdf
2653140,幻恋夜宴Guide Book: 秘传·古明地无心流秘籍,appinfo.vdf
2653460,月白星斗,appinfo.vdf
2654470,BUNNY GARDEN,appinfo.vdf
2656410,SCP: Bloodwater,appinfo.vdf
2666350,Very Scary Backrooms Game,appinfo.vdf
2668080,SNOWBREAK,appinfo.vdf
2672610,Black Myth: Wukong Deluxe Edition Upgrade,appinfo.vdf
2673490,Seifuku Kanojo,appinfo.vdf
2674580,Hitler My Friend,appinfo.vdf
2676230,FiveM,appinfo.vdf
2676580,SCP-087-B UE Remake,appinfo.vdf
2678640,朝露：境界旅程,appinfo.vdf
2680380,HYKE:Northern Light(s),appinfo.vdf
2685610,Wanting Wings,appinfo.vdf
2685840,Pastel☆Parade,appinfo.vdf
2687160,Notanote,appinfo.vdf
2690970,垃圾桶军团,appinfo.vdf
2695270,Miss Neko: Pirates,appinfo.vdf
2695340,3DMark Steel Nomad,appinfo.vdf
2696340,Noctuary Soundtrack,appinfo.vdf
2698470,Kemono_Teatime,appinfo.vdf
2699690,Harmonia Full HD Edition,appinfo.vdf
2705420,Sakura Hime 4 - 18+ Adult Only Content,appinfo.vdf
2715980,What if your girl was a frog 2,appinfo.vdf
2716140,Milo and the Christmas Gift,appinfo.vdf
2717010,KALPA: Cosmic Symphony,appinfo.vdf
2717030,KALPA Demo,appinfo.vdf
2719060,Mirage Feathers,appinfo.vdf
2725240,FADE^2,appinfo.vdf
2725250,Nientum - Op.ZERO,appinfo.vdf
2725260,ENDER MAGNOLIA: Bloom in the Mist,appinfo.vdf
2729360,虚构未来,appinfo.vdf
2732260,Bunny eShop - Desktop Pet Tuya,appinfo.vdf
2734630,虚构未来 - 扩展包,appinfo.vdf
2738040,Silica Dedicated Server,appinfo.vdf
2739990,Mahjong Soul,appinfo.vdf
2747110,iLLANG,appinfo.vdf
2748830,たねつみの歌,appinfo.vdf
2753000,GOALS,appinfo.vdf
2754170,Sore wa Maichiru Sakura no You ni -Re:BIRTH-,appinfo.vdf
2758540,我的小鲨鱼,appinfo.vdf
2764370,星之翼（Starward）,appinfo.vdf
2765760,Horror Nightmare Collection,appinfo.vdf
2773400,Backrooms: Realm of Shadows - Full Game,appinfo.vdf
2778580,ELDEN RING Shadow of the Erdtree,appinfo.vdf
2781370,EXIT KUN,appinfo.vdf
2784380,NSFW Content - What if your girl was a frog 2,appinfo.vdf
2787300,Sheryl ~The Alchemist of the Island Ruins~,appinfo.vdf
2788150,Sakura Succubus 9,appinfo.vdf
2790030,No Man's Sky - Entitlement,appinfo.vdf
2790910,"Touhou Danmaku Kagura Phantasia Lost: Toby Fox & ZUN ""U.N. Owen Was Hero?""",appinfo.vdf
2790940,Touhou Danmaku Kagura Phantasia Lost: Extra Song Pack Vol. 1,appinfo.vdf
2790950,Touhou Danmaku Kagura Phantasia Lost: Extra Song Pack Vol. 2,appinfo.vdf
2790960,Touhou Danmaku Kagura Phantasia Lost: Extra Song Pack Vol. 3,appinfo.vdf
2790970,Touhou Danmaku Kagura Phantasia Lost: Extra Song Pack Vol. 4,appinfo.vdf
2791070,Touhou Danmaku Kagura Phantasia Lost Soundtrack,appinfo.vdf
2791100,Touhou Danmaku Kagura Phantasia Lost: Digital Artbook,appinfo.vdf
2795000,The WereCleaner,appinfo.vdf
2796340,Illusion Carnival,appinfo.vdf
2802140,Hello World,appinfo.vdf
2802290,Sandtrix,appinfo.vdf
2804550,Strongest Angel Zerachiel!,appinfo.vdf
2805050,Geometry Arena 2 OST,appinfo.vdf
2805730,Proton 9.0,appinfo.vdf
2808300,Touhou Danmaku Kagura Phantasia Lost: Unlock All Songs,appinfo.vdf
2816950,Yaoling: Mythical Journey,appinfo.vdf
2824300,Miss Neko: Pirates - Free Bonus Content,appinfo.vdf
2825590,Backrooms: Eternal Shadows,appinfo.vdf
2829200,DJMAX RESPECT V - Falcom PACK,appinfo.vdf
2838610,Sea of Thieves Original Soundtrack - 2024 Edition,appinfo.vdf
2838630,Sea of Thieves: Athena's Fortune Audiobook,appinfo.vdf
2838640,The Rough Guide to Sea of Thieves eBook,appinfo.vdf
2850310,Kanon,appinfo.vdf
2855520,ELDEN RING Shadow of the Erdtree - Artbook & Soundtrack,appinfo.vdf
2855530,ELDEN RING Shadow of the Erdtree Bonus Gesture,appinfo.vdf
2859860,Veloria,appinfo.vdf
2865580,Let's Minesweeper,appinfo.vdf
2868840,Slay the Spire 2,appinfo.vdf
2872930,Project Canvas,appinfo.vdf
2873080,The NOexistenceN of you AND me,appinfo.vdf
2875610,JerezArena Ⅲ ,appinfo.vdf
2875660,THE ART STORY OF NOCTUARY,appinfo.vdf
2879980,ZAKO NO AHIRU,appinfo.vdf
2881650,Content Warning,appinfo.vdf
2886720,Kuri Kuri Click! 1 ~My Summer Vacation!~,appinfo.vdf
2888730,后室：彼阳的晚意(序章)-Backrooms:Beyond one year(Prologue),appinfo.vdf
2890890,LingerieS / ランジェリーズ,appinfo.vdf
2893920,LingerieS / ランジェリーズ 18+ Adult Only Content,appinfo.vdf
2899760,"さくら、もゆ。-as the Night's, Reincarnation-",appinfo.vdf
2902540,KUNKUN Defender,appinfo.vdf
2911850,Playing Kafka,appinfo.vdf
2914150,Yunyun Syndrome!? Rhythm Psychosis,appinfo.vdf
2914490,Death end re;Quest: Code Z,appinfo.vdf
2918720,Kana,appinfo.vdf
2920470,"Touhou Danmaku Kagura Phantasia Lost: Touhou Mystia's Izakaya ""Beneath the Purple Cherry Blossoms Once Again""",appinfo.vdf
2936690,SCHiM Demo,appinfo.vdf
2937320,幻恋の夜宴 - こいしのサポートパック Koishi's Supporter Pack,appinfo.vdf
2938850,Sakura Hime 5,appinfo.vdf
2939800,Beastkin ☆ Training ~The Trials of a Beastkin,appinfo.vdf
2947220,Parfait Remake,appinfo.vdf
2947230,Haruka Ao no Hanayome ni,appinfo.vdf
2947240,Kimi no Hitomi ni Hit Me,appinfo.vdf
2947250,Select Oblige,appinfo.vdf
2949210,The Hungry Lamb: Traveling in the Late Ming Dynasty (Original Soundtrack),appinfo.vdf
2949320,Ratatan,appinfo.vdf
2949740,时空魔女塔莉娅,appinfo.vdf
2951580,Rhythm Witch: Beat Death,appinfo.vdf
2960780,Kuri Kuri Click! 1 ~My Summer Vacation!~ - Uncensor DLC,appinfo.vdf
2961460,神树残响,appinfo.vdf
2962580,神树残响 Demo,appinfo.vdf
2963320,Core Awaken Rurumu's will,appinfo.vdf
2971290,はねホロ！,appinfo.vdf
2978590,月白星斗 Playtest,appinfo.vdf
2980050,机械恋心,appinfo.vdf
2983250,AIR,appinfo.vdf
2983260,LUNARiA -Virtualized Moonchild-,appinfo.vdf
2983350,planetarian: Snow Globe,appinfo.vdf
2984950,DATE A LIVE: Ren Dystopia Deluxe Edition,appinfo.vdf
2986260,Dreamlike Love with Seira,appinfo.vdf
2992570,芙兰杂感记录-Flan's MS,appinfo.vdf
2995390,NEKO-NIN exHeart SPIN!,appinfo.vdf
2996170,Nientum Demo,appinfo.vdf
3001340,▼スライム娘は人間と友達になりたいようだ+,appinfo.vdf
3002440,MORSOMNIA:0,appinfo.vdf
3012420,抓到冒險者醬了！～Live2D觸手模擬器～,appinfo.vdf
3027600,"Love, Elections, and Chocolate",appinfo.vdf
3027620,Kakenuke★Forward to Our Sparking Youth!,appinfo.vdf
3029110,Lepton,appinfo.vdf
3030980,イツカノヨル,appinfo.vdf
3034450,流る星 -a wish star-,appinfo.vdf
3034520,The Fox's Way Home,appinfo.vdf
3037160,Resonance Solstice,appinfo.vdf
3043220,Portal: Lost in Aperture,appinfo.vdf
3043620,Steam Frame ARM64 Compat List,appinfo.vdf
3050960,Split Fiction - Full Game Unlock,appinfo.vdf
3052450,Morimens,appinfo.vdf
3062990,Living With Sister: Monochrome Fantasy - Expansion DLC,appinfo.vdf
3064290,Trizon,appinfo.vdf
3068300,Katawa Shoujo,appinfo.vdf
3075030,三国杀-福利礼包,appinfo.vdf
3085820, BlazBlue Entropy Effect - Rachel Character Pack,appinfo.vdf
3086180,Proton Voice Files,appinfo.vdf
3090100,Prison Princess: Trapped Allure,appinfo.vdf
3092660,Reverse: 1999,appinfo.vdf
3094360,Mirage Feathers Original Soundtrack,appinfo.vdf
3097560,Liar's Bar,appinfo.vdf
3097920,Aotenjo Demo,appinfo.vdf
3099840,君と彼女のリリィヴァガンザ,appinfo.vdf
3101040,Magical Girl Witch Trials (魔法少女ノ魔女裁判),appinfo.vdf
3103780,DRAPLINE,appinfo.vdf
3104270,KANADE,appinfo.vdf
3105100,SCP: CARDTAINMENT BREACH,appinfo.vdf
3107410,Opus Magnum: De Re Metallica,appinfo.vdf
3107630,伯克利家的女仆：重制版（玛格丽特） Playtest,appinfo.vdf
3109650,The Vampire's Bride: A bride who gets married to vampdoll,appinfo.vdf
3111540,NEKO-NIN exHeart SPIN! - 18+ Adult Only Content,appinfo.vdf
3117660,绯红编年史 ~ Chronicle of Scarlet ~,appinfo.vdf
3118100,Kingdom Come: Deliverance II The Lion's Crest,appinfo.vdf
3118110,Kingdom Come: Deliverance II Gallant Huntsman's Kit,appinfo.vdf
3118120,Kingdom Come: Deliverance II Shields of Seasons Passing,appinfo.vdf
3118980,月白星斗Background Music Collection,appinfo.vdf
3122530,苍空的彼端,appinfo.vdf
3125150,A Maiden's Serenade,appinfo.vdf
3127680,FEX,appinfo.vdf
3129600,Hitler is my crush - Adult Content 18+,appinfo.vdf
3132990,Black Myth: Wukong Benchmark Tool,appinfo.vdf
3133340,Velvet 89,appinfo.vdf
3143300,Amairo Chocolate 3,appinfo.vdf
3146610,"Spiritual Bond ～Breaking the curse, Intertwining fates～",appinfo.vdf
3154810,荷莱Horae Demo,appinfo.vdf
3155140,Living With Sister: Monochrome Fantasy - Official Sister Cosplay by MiMi,appinfo.vdf
3155570,Decollate Decoration,appinfo.vdf
3160090,Slot & Dungeons,appinfo.vdf
3161510,Hitler is My Crush: Love and Fascism,appinfo.vdf
3164330,Infinity Nikki,appinfo.vdf
3166350,NEKO-NIN exHeart 3 - 18+ Adult Only Content,appinfo.vdf
3166810,Insider Trading,appinfo.vdf
3167020,Escape from Duckov,appinfo.vdf
3171120,Katawa Shoujo Enigmatic Box of Sound (Original Game Soundtrack),appinfo.vdf
3171460,Hatsuyuki Sakura,appinfo.vdf
3173610,Yaoling: Mythical Journey Soundtrack,appinfo.vdf
3174350,Sunset Hills - Mini Original Soundtrack,appinfo.vdf
3183350,Fantasy Aquarium,appinfo.vdf
3188550,Trainee Death Simulator,appinfo.vdf
3188910,Waifu,appinfo.vdf
3200060,SANAE's Sylphid Breeze,appinfo.vdf
3213850,gogh: Focus with Your Avatar,appinfo.vdf
3214610,Cinderia,appinfo.vdf
3215190,Backrooms: Found Footage,appinfo.vdf
3219580,Theta and Paralldoxs on Worldlines,appinfo.vdf
3224770,Umamusume: Pretty Derby,appinfo.vdf
3239270,Night Shift Nurses,appinfo.vdf
3241660,R.E.P.O.,appinfo.vdf
3243760,Doloc Town DEMO,appinfo.vdf
3247080,UNLIGHT:Revive,appinfo.vdf
3257000,SCP: Containment Breach 2,appinfo.vdf
3265880,黏糊笔记,appinfo.vdf
3279780,Horizon Walker,appinfo.vdf
3288260,Black Myth: Wukong Soundtrack Selection,appinfo.vdf
3290790,KALPA: Cosmic Symphony - Rizline Collaboration Pack,appinfo.vdf
3294690,Yomegami: My Sweet Goddess!,appinfo.vdf
3296260,Cafe DReAMLAND,appinfo.vdf
3301060,Desktop Mate,appinfo.vdf
3307270,The Backrooms: Anomaly Containment Unit,appinfo.vdf
3308670,GIRLS' FRONTLINE 2: EXILIUM,appinfo.vdf
3321460,Crimson Desert,appinfo.vdf
3327640,hololive Holo's Hanafuda,appinfo.vdf
3337210,GIRLS MADE PUDDING,appinfo.vdf
3338380,The Cursed Moon ~The Girl Trapped in the Haunted House~,appinfo.vdf
3339420,你的老婆,appinfo.vdf
3340990,EA APP Installer,appinfo.vdf
3347970,少女前线,appinfo.vdf
3350190,Anxiety Puppy,appinfo.vdf
3363040,Flan's BN,appinfo.vdf
3364970,Alisa's Grimoire,appinfo.vdf
3368600,Kingdom Come: Deliverance II Brushes with Death,appinfo.vdf
3368610,Kingdom Come: Deliverance II Legacy of the Forge,appinfo.vdf
3368620,Kingdom Come: Deliverance II Mysteria Ecclesiae,appinfo.vdf
3369960,Ratatan Original Soundtrack Demo,appinfo.vdf
3376290,海蓝星之梦,appinfo.vdf
3388870,青鬼 ブルーベリー温泉の怪異,appinfo.vdf
3388890,Magical Nut Ikuno,appinfo.vdf
3391590,苍空的彼端 - 岁末·年初,appinfo.vdf
3394770,Menherarium: Deadly Dice,appinfo.vdf
3407830,常轨脱离Creative凸,appinfo.vdf
3413340,Wallpaper Play,appinfo.vdf
3418570,Summer Pockets REFLECTION BLUE,appinfo.vdf
3419430,Bongo Cat,appinfo.vdf
3419820,Welcome to Cafe Lumière! ~A Dragon Girl Concept Cafe~,appinfo.vdf
3421600,Sakura Hime 5 - 18+ Adult Only Content,appinfo.vdf
3422870,BlazBlue Entropy Effect - Hazama Character Pack,appinfo.vdf
3430470,PLATiNA :: LAB,appinfo.vdf
3436170,Let's Start Managing the Sexual Relief Department!,appinfo.vdf
3437200,LUNA,appinfo.vdf
3443820,BUNNY GARDEN 2,appinfo.vdf
3443830,"BUNNY GARDEN 2 - Kana's Karaoke Song: ""Screen Love""",appinfo.vdf
3446150,Tsuki ni Yorisou Otome no Sahou 2,appinfo.vdf
3446170,Kono Aozora ni Yakusoku o Refine,appinfo.vdf
3447040,Sora no Kiseki the 1st,appinfo.vdf
3449850,桌面小猫娘,appinfo.vdf
3461070,The WereCleaner Soundtrack,appinfo.vdf
3464370,Sani Yang's Laboratory,appinfo.vdf
3470170,Queens Casino,appinfo.vdf
3470530,Perennial Dusk -Kinsenka-,appinfo.vdf
3470560,Millennium Dream,appinfo.vdf
3471060,Sweet Delights: The Girl’s Cafe Quest,appinfo.vdf
3472550,The Mr. Rabbit Magic Show,appinfo.vdf
3473400,精灵与爱丽丝,appinfo.vdf
3473430,All Our Broken Parts,appinfo.vdf
3473860,DLC_Sweet_018,appinfo.vdf
3480330,恋恋幻之森(TouHou Koishi's Enchanted Woods),appinfo.vdf
3481160,恋恋幻之森 Demo,appinfo.vdf
3500840,Under Ichigo Love me baby!!! in TOKYO SUPER ARENA 2025,appinfo.vdf
3508870,Chicken Hill Soundtrack,appinfo.vdf
3513350,Wuthering Waves,appinfo.vdf
3515100,OCCT,appinfo.vdf
3527290,PEAK,appinfo.vdf
3528450,纸房子 Sweet Home,appinfo.vdf
3548580,Chill with You Lo-Fi Story,appinfo.vdf
3549750,In the Midst of a Neverending Season,appinfo.vdf
3556740,A Night Filled With the Sound of Rain,appinfo.vdf
3557620,Blue Archive,appinfo.vdf
3559840,Sakura Hime 6,appinfo.vdf
3561220,Pass the Fear,appinfo.vdf
3562120,Magical Princess,appinfo.vdf
3564740,Where Winds Meet,appinfo.vdf
3565190,Sonic Racing: CrossWorlds - Minecraft Pack,appinfo.vdf
3573000,Milo's Tiny Fish Pond,appinfo.vdf
3573830,RebllionGODSOUL-FreeSwimsuitsOfLinkers,appinfo.vdf
3573850,RebellionGODSOUL-FreeWallpapers,appinfo.vdf
3579050,草莓巧克力,appinfo.vdf
3587140,Ark Re:Code,appinfo.vdf
3588910,Gaokao.Love.100Days - The Decade Promise,appinfo.vdf
3588920,Gaokao.Love.100Days - 100 Days 10 Years,appinfo.vdf
3592250,Sonic Racing: CrossWorlds Season Pass,appinfo.vdf
3601070,Sakura Hime 6 - 18+ Adult Only Content,appinfo.vdf
3601430,Sonic Racing: CrossWorlds - SpongeBob SquarePants Pack,appinfo.vdf
3601440,Sonic Racing: CrossWorlds - PAC-MAN Pack,appinfo.vdf
3601470,Sonic Racing: CrossWorlds - Teenage Mutant Ninja Turtles Pack,appinfo.vdf
3601480,Sonic Racing: CrossWorlds - Mega Man Pack,appinfo.vdf
3601500,Sonic Racing: CrossWorlds - Sonic Prime Character Pack,appinfo.vdf
3609080,StarSavior,appinfo.vdf
3610020,神树残响原声音轨,appinfo.vdf
3616790,KALPA: Cosmic Symphony - Deeeer Simulator Collaboration Pack,appinfo.vdf
3617260,旅行恋恋Art Book: 恋恋新天地喂养指南,appinfo.vdf
3628440,艾比斯物语,appinfo.vdf
3633450,Fingerdance,appinfo.vdf
3639130,The NOexistenceN of you AND me Soundtrack,appinfo.vdf
3639470,Besiege: The Broken Beyond,appinfo.vdf
3639650,Kotama and Academy Citadel,appinfo.vdf
3641720,Hell's 8th Avenue: Miori's Mysterious Notebook,appinfo.vdf
3653040,DJMAX RESPECT V - Blue Archive PACK,appinfo.vdf
3655150,NEKOPARA After,appinfo.vdf
3658110,Proton 10.0,appinfo.vdf
3678970,TBH: Task Bar Hero,appinfo.vdf
3681810,Blue Protocol: Star Resonance,appinfo.vdf
3681910,BlazBlue Entropy Effect - Bullet Character Pack,appinfo.vdf
3682050,Sickly Days and Summer Traces,appinfo.vdf
3697650,水晶之灾,appinfo.vdf
3699940,Sakura Succubus 10,appinfo.vdf
3711190,精灵与爱丽丝 试玩版,appinfo.vdf
3713280,三国杀-自走棋,appinfo.vdf
3715370,Tom Clancy's Rainbow Six Siege X - Free Access WW Ubisoft Activation,appinfo.vdf
3715730,男娘恋爱物语,appinfo.vdf
3722330,Shift At Midnight,appinfo.vdf
3723550,GOALS - High-end,appinfo.vdf
3723560,GOALS - Low-end,appinfo.vdf
3734100,Tenshoku Maou: 18+,appinfo.vdf
3736150,氷点下30度の絶望,appinfo.vdf
3736420,The Garden of Youth,appinfo.vdf
3737620,魔理沙！还书！Marisa!ReturnTheBook!,appinfo.vdf
3748020,病狱,appinfo.vdf
3755610,伯克利家的女仆RE：利瑟伦的诺言,appinfo.vdf
3755860,BLACK SOULS,appinfo.vdf
3757560,恋与未歇之雨,appinfo.vdf
3780110,梅染倾情琉璃塔,appinfo.vdf
3790760,SCP: Yet Another Day,appinfo.vdf
3796350,My Auto Clicker,appinfo.vdf
3813140,This Winter of Ours,appinfo.vdf
3818700,神树残响 - 奴莱比岛之旅,appinfo.vdf
3820390,東方異遇証 ~ What the Bullet Hell!,appinfo.vdf
3820430,ガーデンハント,appinfo.vdf
3824070,艾比斯物语 Playtest,appinfo.vdf
3834090,YAPYAP,appinfo.vdf
3837270,Spice & Grill,appinfo.vdf
3838280,极乐妹土！3,appinfo.vdf
3839790,Granblue Fantasy: Relink - Endless Ragnarok Upgrade Kit (Standard Edition),appinfo.vdf
3845600,Living with a Little Fox Girl,appinfo.vdf
3855540,BLACK SOULS II,appinfo.vdf
3857590,Wish Upon a Cat,appinfo.vdf
3864680,KALPA: Cosmic Symphony - Phigros Collaboration Pack,appinfo.vdf
3865150,小小的身影，重叠的内心,appinfo.vdf
3879310,Noctuary Free DLC,appinfo.vdf
3879660,OverField,appinfo.vdf
3881620,Blueberry Tales Playtest,appinfo.vdf
3893180,EA Javelin Anticheat Installer,appinfo.vdf
3903190,The Bygone Days of Her and the Flowers,appinfo.vdf
3907210,Married Into Hell,appinfo.vdf
3915560,Noctuary: Lite Version,appinfo.vdf
3921360,DEFLATE,appinfo.vdf
3928800,Elena's Lewd Service,appinfo.vdf
3941790,3DMark Solar Bay Extreme,appinfo.vdf
3942480,The NOexistenceN of Morphean Paradox : The Forest of Silver Shallots,appinfo.vdf
3943440,WAGAMAMA HIGH SPEC OC,appinfo.vdf
3944910,Sora no Kiseki the 1st - Costume: Plushie Estelle/Plushie Joshua,appinfo.vdf
3944950,Sora no Kiseki the 1st - Costume: Summer Vacation (Estelle Ver.),appinfo.vdf
3944960,Sora no Kiseki the 1st - Costume: Summer Vacation (Joshua Ver.),appinfo.vdf
3944970,Sora no Kiseki the 1st - Costume: NEO Bracer,appinfo.vdf
3944980,Sora no Kiseki the 1st - Estelle & Joshua Swimwear: Pure Resort,appinfo.vdf
3944990,Sora no Kiseki the 1st - Jenis Royal Academy Uniform Set,appinfo.vdf
3945000,Sora no Kiseki the 1st - Matching Diner Costume Set: Fine Red Diner Vol.1,appinfo.vdf
3945010,Sora no Kiseki the 1st - Matching Diner Costume Set: Fine Red Diner Vol.2,appinfo.vdf
3945020,Sora no Kiseki the 1st - Matching Diner Costume Set: Fine Red Diner Vol.3,appinfo.vdf
3945030,Sora no Kiseki the 1st - Unique Diner Costume Set Vol.1,appinfo.vdf
3945040,Sora no Kiseki the 1st - Unique Diner Costume Set Vol.2,appinfo.vdf
3945050,Sora no Kiseki the 1st - Unique Diner Costume Set Vol.3,appinfo.vdf
3945060,Sora no Kiseki the 1st - Glasses Set A,appinfo.vdf
3945070,Sora no Kiseki the 1st - Glasses Set B,appinfo.vdf
3945080,Sora no Kiseki the 1st - Go for it! Headgear Set,appinfo.vdf
3945090,Sora no Kiseki the 1st - Head-Pom Set A,appinfo.vdf
3945100,Sora no Kiseki the 1st - Head-Pom Set B,appinfo.vdf
3945110,Sora no Kiseki the 1st - Chocosta Set,appinfo.vdf
3945120,Sora no Kiseki the 1st - Pretty Backpack Set,appinfo.vdf
3945130,Sora no Kiseki the 1st - Archangel Costume Set,appinfo.vdf
3945140,Sora no Kiseki the 1st - Fallen Angel Costume Set,appinfo.vdf
3945150,Sora no Kiseki the 1st - Demon King Costume Set,appinfo.vdf
3945160,Sora no Kiseki the 1st - Lively Effect Set,appinfo.vdf
3945170,Sora no Kiseki the 1st - Banner Set A,appinfo.vdf
3945180,Sora no Kiseki the 1st - Banner Set B,appinfo.vdf
3945190,Sora no Kiseki the 1st - Banner Set C,appinfo.vdf
3945200,Sora no Kiseki the 1st - Two-Tone Hair Color Set,appinfo.vdf
3945210,Sora no Kiseki the 1st - Unique Hair Color Set,appinfo.vdf
3945220,Sora no Kiseki the 1st - Orbment Cover Set,appinfo.vdf
3945230,Sora no Kiseki the 1st - Chibi Character Cover Set,appinfo.vdf
3945240,Sora no Kiseki the 1st - Sepith Set (1),appinfo.vdf
3945250,Sora no Kiseki the 1st - Sepith Set (2),appinfo.vdf
3945260,Sora no Kiseki the 1st - Sepith Set (3),appinfo.vdf
3945270,Sora no Kiseki the 1st - Sepith Set (4),appinfo.vdf
3945280,Sora no Kiseki the 1st - Sepith Set (5),appinfo.vdf
3945290,Sora no Kiseki the 1st - U-Material Set (1),appinfo.vdf
3945300,Sora no Kiseki the 1st - U-Material Set (2),appinfo.vdf
3945310,Sora no Kiseki the 1st - U-Material Set (3),appinfo.vdf
3945320,Sora no Kiseki the 1st - U-Material Set (4),appinfo.vdf
3945330,Sora no Kiseki the 1st - U-Material Set (5),appinfo.vdf
3945340,Sora no Kiseki the 1st - Monster Ingredients Set A (1),appinfo.vdf
3945360,Sora no Kiseki the 1st - Monster Ingredients Set A (2),appinfo.vdf
3945370,Sora no Kiseki the 1st - Monster Ingredients Set A (3),appinfo.vdf
3945380,Sora no Kiseki the 1st - Monster Ingredients Set B (1),appinfo.vdf
3945390,Sora no Kiseki the 1st - Monster Ingredients Set B (2),appinfo.vdf
3945400,Sora no Kiseki the 1st - Monster Ingredients Set B (3),appinfo.vdf
3945420,Sora no Kiseki the 1st - Advanced Recovery Medicine Set (1),appinfo.vdf
3945430,Sora no Kiseki the 1st - Advanced Recovery Medicine Set (2),appinfo.vdf
3945440,Sora no Kiseki the 1st - Advanced Recovery Medicine Set (3),appinfo.vdf
3945450,Sora no Kiseki the 1st - Advanced Recovery Medicine Set (4),appinfo.vdf
3945460,Sora no Kiseki the 1st - Advanced Recovery Medicine Set (5),appinfo.vdf
3945470,Sora no Kiseki the 1st - Zelam Powder Set (1),appinfo.vdf
3945480,Sora no Kiseki the 1st - Zelam Powder Set (2),appinfo.vdf
3945490,Sora no Kiseki the 1st - Zelam Powder Set (3),appinfo.vdf
3945500,Sora no Kiseki the 1st - Zelam Capsule Set (1),appinfo.vdf
3945510,Sora no Kiseki the 1st - Zelam Capsule Set (2),appinfo.vdf
3945520,Sora no Kiseki the 1st - Zelam Capsule Set (3),appinfo.vdf
3945550,Sora no Kiseki the 1st - Golden Pom Fruit Set (1),appinfo.vdf
3945560,Sora no Kiseki the 1st - Golden Pom Fruit Set (2),appinfo.vdf
3945570,Sora no Kiseki the 1st - Golden Pom Fruit Set (3),appinfo.vdf
3945580,Sora no Kiseki the 1st - Golden Pom Fruit Value Pack (1),appinfo.vdf
3945590,Sora no Kiseki the 1st - Golden Pom Fruit Value Pack (2),appinfo.vdf
3945600,Sora no Kiseki the 1st - Golden Pom Fruit Value Pack (3),appinfo.vdf
3945610,Sora no Kiseki the 1st - Droplet Set (1),appinfo.vdf
3946810,我与你共度的七日,appinfo.vdf
3949040,RV There Yet?,appinfo.vdf
3950020,Duet Night Abyss,appinfo.vdf
3950050,Touhou Witch's Night Market,appinfo.vdf
3953050,广式双马尾的报恩,appinfo.vdf
3966180,淀み海の溺れ唄,appinfo.vdf
3966190,DJMAX RESPECT V - Arcaea PACK,appinfo.vdf
3970580,All Our Broken Parts Playtest,appinfo.vdf
3971880,NEKO-NIN exHeart SPIN! LOVE+PLUS,appinfo.vdf
3995110,女儿国的诅咒 The Curse of Womanland,appinfo.vdf
3997990,YAPYAP Demo,appinfo.vdf
4007850,Sweetie Candy Maze: Blueberry,appinfo.vdf
4017820,神明也没猜到结局,appinfo.vdf
4021870,聊斋：画皮鬼,appinfo.vdf
4025700,Heartopia,appinfo.vdf
4038990,Crusaders Quest : Mini,appinfo.vdf
4041240,LOVEPICAL-POPPY!,appinfo.vdf
4042330,恋しかるべき ～迷い家からの手紙～,appinfo.vdf
4042800,Poker Fate,appinfo.vdf
4045190,饲养染的30 DAYS,appinfo.vdf
4054420,我的女友脑子有问题,appinfo.vdf
4071440,Tenshoku Maou,appinfo.vdf
4073850,Witch's Lounge,appinfo.vdf
4084020,盛夏症候群,appinfo.vdf
4084030,盛夏症候群 Playtest,appinfo.vdf
4084680,Witch's Lounge Playtest,appinfo.vdf
4090430,IO Auto Clicker,appinfo.vdf
4093400,Sisterly Bliss ~Don't Let Mom Find Out~,appinfo.vdf
4093480,Kaiju Princess 2: Poochi Q ASMR ～A Magic Ticket That Grants Any Desire～,appinfo.vdf
4099310,Project N.E.K.O.,appinfo.vdf
4107260,末日战姬：命运交锋,appinfo.vdf
4108000,Machine Party,appinfo.vdf
4108350,KALPA: Cosmic Symphony - Rotaeno Collaboration Pack,appinfo.vdf
4124270,KALPA: Cosmic Symphony - Origin Vol.1,appinfo.vdf
4125180,The Cost of Salvation,appinfo.vdf
4125930,Punishing: Gray Raven,appinfo.vdf
4126220,Crusaders Quest : Hero Town,appinfo.vdf
4137570,分头行动:chibichibi,appinfo.vdf
4138970,拾取宝石后意外觉醒了复制魔王力量的逆天技能,appinfo.vdf
4139510,The DaSheng Mountain of Guangxi,appinfo.vdf
4141770,Molili AI Friends: Your AI Desk Pal,appinfo.vdf
4142300,MELFIAS －Azure and Crimson Verge－,appinfo.vdf
4145350,Alice and the Devil's Prison,appinfo.vdf
4169820,永恒与星辰与日常,appinfo.vdf
4176500,Arknights: The Shadow Of Terra,appinfo.vdf
4183110,Steam Linux Runtime 4.0,appinfo.vdf
4185400,Steam Linux Runtime 4.0 - Arm64,appinfo.vdf
4189910,Dice In You,appinfo.vdf
4203470,电梯 Elevator,appinfo.vdf
4207700,恋与未歇之雨 Soundtrack,appinfo.vdf
4212470,Palworld Mod Uploader,appinfo.vdf
4214820,Game of Thrones Kingsroad,appinfo.vdf
4226000,恋与未歇之雨-与你未来每一天,appinfo.vdf
4231610,NEKO-NIN exHeart SPIN! LOVE+PLUS - 18+ Adult Only Content,appinfo.vdf
4232620,"BUNNY GARDEN 2 - Rin's Karaoke Song: ""So naive! (lol)""",appinfo.vdf
4232630,"BUNNY GARDEN 2 - Miuka's Karaoke Song: ""Moon Light Driver""",appinfo.vdf
4240240,伯克利家的女仆RE：利瑟伦的诺言 Playtest,appinfo.vdf
4249650,再来点百合吧 More☆Love Yuri,appinfo.vdf
4257960,CBRE-EX,appinfo.vdf
4262610,Wannabe Galgame God!!!,appinfo.vdf
4270390,D1AL-ogue,appinfo.vdf
4280630,KUNKUN Basketball,appinfo.vdf
4282260,栖霞日记,appinfo.vdf
4293390,水晶之灾 Playtest,appinfo.vdf
4308010,君と彼女のリリィヴァガンザ-Wallpaper DLC-,appinfo.vdf
4311000,"Trust Me, I Nailed It",appinfo.vdf
4315770,FlowTrak,appinfo.vdf
4321080,Head's Adventures:chibichibi Soundtrack,appinfo.vdf
4333400,RedM,appinfo.vdf
4340790,PLATiNA :: LAB - Zundamon「Songs」,appinfo.vdf
4340800,PLATiNA :: LAB - Zundamon「Character」,appinfo.vdf
4353010,Hitler is my crush - Shanghai Love,appinfo.vdf
4354530,gogh: Focus with Your Avatar - Cosmic Princess Kaguya! DLC,appinfo.vdf
4373290,Sea of Thieves Original Soundtrack – 2026 Edition,appinfo.vdf
4378910,焦虑小狗 Soundtrack,appinfo.vdf
4380250,电梯 Elevator Playtest,appinfo.vdf
4413890,Spice & Grill Playtest,appinfo.vdf
4427310,Proton Experimental (ARM64),appinfo.vdf
4427410,TBH : Task Bar Hero - Priest (Class),appinfo.vdf
4466620,SiNiSistar 2,appinfo.vdf
4487830,The Cost of Salvation Playtest,appinfo.vdf
4491980,我家恋天使太废柴鸟真～可怕。,appinfo.vdf
4496350,DJMAX RESPECT V -  O.N.G.E.K.I. PACK,appinfo.vdf
4500780,东方求财史记 Touhou: Records of Wealth-Seeking,appinfo.vdf
4528190,Granblue Fantasy: Relink - Endless Ragnarok Supplementary Damage V & War Elemental Sigil Set,appinfo.vdf
4532590,BSide: Olivia Lin,appinfo.vdf
4553760,TEVI - Fauna Arcana,appinfo.vdf
4560340,"BUNNY GARDEN 2 - Costume: ""Cheer Bunny""",appinfo.vdf
4560350,"BUNNY GARDEN 2 - Costume: ""China Bunny""",appinfo.vdf
4560360,"BUNNY GARDEN 2 - Costume: ""Service Bunny""",appinfo.vdf
4560370,"BUNNY GARDEN 2 - Costume: ""Wrapping Bunny""",appinfo.vdf
4560380,"BUNNY GARDEN 2 - Costume: ""Nightmeow Cat""",appinfo.vdf
4560390,"BUNNY GARDEN 2 - Costume: ""Brain Power 3000-fold! Cyber Kunoichi""",appinfo.vdf
4560400,"BUNNY GARDEN 2 - Costume: ""Holstein Bikini""",appinfo.vdf
4560410,"BUNNY GARDEN 2 - Costume: ""Race Queen""",appinfo.vdf
4560420,"BUNNY GARDEN 2 - Costume: ""Cute Tiger""",appinfo.vdf
4560430,"BUNNY GARDEN 2 - Costume: ""Reverse Bunny""",appinfo.vdf
4560470,"BUNNY GARDEN 2 - Erisa's Karaoke Song: ""Cinderella Girl""",appinfo.vdf
4560480,"BUNNY GARDEN 2 - Kuon's Karaoke Song: ""Liar Girl""",appinfo.vdf
4560500,"BUNNY GARDEN 2 - Runa's Karaoke Song: ""Crank-in""",appinfo.vdf
4560510,"BUNNY GARDEN 2 - Karaoke Song: ""eYe♡tracker""",appinfo.vdf
4567710,Template!! An Angel's Gift,appinfo.vdf
4583050,非常规放送部 Mika & Luna,appinfo.vdf
4598080,NEKO-MIMI SWEET HOUSEMATES Vol. 2,appinfo.vdf
4628710,Proton 11.0,appinfo.vdf
4628740,Proton 11.0 (ARM64),appinfo.vdf
4643090,The NOexistenceN of Lilith,appinfo.vdf
4651190,DEFLATE - Qili&Qifu Character Crossover Pack,appinfo.vdf
4651730,DEFLATE - Qili&Qifu Collaboration Song Pack,appinfo.vdf
4668540,DEFLATE - Electrode Core Brand Collaboration Pack 1,appinfo.vdf
4673900,完蛋！我被男同学包围了,appinfo.vdf
4690330,Legacy Steam Runtime,appinfo.vdf
4704690,MECCHA CHAMELEON,appinfo.vdf
4733380,FlowTrak Demo,appinfo.vdf
4778120,不/存在的你，和我-莉莉丝鼠标指针,appinfo.vdf
4800850,海蓝星之梦DLC·远行,appinfo.vdf
4826070,莉莉西亚的地下城 Playtest,appinfo.vdf
4838450,极乐妹土！2,appinfo.vdf
4838470,My (♂) Life as a Vampire's Maid (♀),appinfo.vdf
4862110,Proton Contrib,appinfo.vdf
4877980,Saikey Assets Manager,appinfo.vdf
4977680,末日战姬：废土觉醒,appinfo.vdf
